AddressID,AddressLine1,AddressLine2,City,StateProvinceID,PostalCode,rowguid,ModifiedDate
1,"1970 Napa Ct.",NULL,Bothell,79,98011,...,"1998-01-04 00:00:00"
2,"9833 Mt. Dias Blv.",NULL,Bothell,79,98011,...,"1999-01-01 00:00:00"
3,"7484 Roundtree Drive",NULL,Bothell,79,98011,...,"2003-04-08 00:00:00"
4,"9539 Glenside Dr",NULL,Bothell,79,98011,...,"1999-03-07 00:00:00"
5,"1226 Shoe St.",NULL,Bothell,79,98011,...,"1999-01-20 00:00:00"
6,"1399 Firestone Drive",NULL,Bothell,79,98011,...,"1999-03-17 00:00:00"
7,"5672 Hale Dr.",NULL,Bothell,79,98011,...,"2000-01-12 00:00:00"
8,"6387 Scenic Avenue",NULL,Bothell,79,98011,...,"1999-01-18 00:00:00"
9,"8713 Yosemite Ct.",NULL,Bothell,79,98011,...,"2002-07-01 00:00:00"
10,"250 Race Court",NULL,Bothell,79,98011,...,"1999-01-03 00:00:00"
11,"1318 Lasalle Street",NULL,Bothell,79,98011,...,"2003-04-01 00:00:00"
12,"5415 San Gabriel Dr.",NULL,Bothell,79,98011,...,"2003-02-06 00:00:00"
13,"9265 La Paz",NULL,Bothell,79,98011,...,"2004-01-15 00:00:00"
14,"8157 W. Book",NULL,Bothell,79,98011,...,"2000-01-05 00:00:00"
15,"4912 La Vuelta",NULL,Bothell,79,98011,...,"2003-12-20 00:00:00"
16,"40 Ellis St.",NULL,Bothell,79,98011,...,"2002-12-11 00:00:00"
17,"6696 Anchor Drive",NULL,Bothell,79,98011,...,"2003-12-10 00:00:00"
18,"1873 Lion Circle",NULL,Bothell,79,98011,...,"2004-01-01 00:00:00"
19,"3148 Rose Street",NULL,Bothell,79,98011,...,"2004-05-04 00:00:00"
20,"6872 Thornwood Dr.",NULL,Bothell,79,98011,...,"1999-03-09 00:00:00"
21,"5747 Shirley Drive",NULL,Bothell,79,98011,...,"1999-03-15 00:00:00"
22,"636 Vine Hill Way",NULL,Portland,58,97205,...,"2001-06-24 00:00:00"
23,"6657 Sand Pointe Lane",NULL,Seattle,79,98104,...,"1999-02-16 00:00:00"
24,"80 Sunview Terrace",NULL,Duluth,36,55802,...,"2001-06-24 00:00:00"
25,"9178 Jumping St.",NULL,Dallas,73,75201,...,"2002-09-01 00:00:00"
26,"5725 Glaze Drive",NULL,"San Francisco",9,94109,...,"2001-06-24 00:00:00"
27,"2487 Riverside Drive",NULL,Nevada,74,84407,...,"2001-06-24 00:00:00"
28,"9228 Via Del Sol",NULL,Phoenix,6,85004,...,"2001-09-01 00:00:00"
29,"8291 Crossbow Way",NULL,Memphis,72,38103,...,"2001-06-24 00:00:00"
30,"9707 Coldwater Drive",NULL,Orlando,15,32804,...,"2001-08-01 00:00:00"
31,"9100 Sheppard Avenue North",NULL,Ottawa,57,"K4B 1T7",...,"2001-06-24 00:00:00"
32,"26910 Indela Road",NULL,Montreal,63,"H1Y 2H5",...,"2002-08-01 00:00:00"
33,"10203 Acorn Avenue",NULL,Calgary,1,"T2P 2G8",...,"2001-06-24 00:00:00"
34,"94, rue Descartes",NULL,Bordeaux,119,33000,...,"2004-01-22 10:09:29"
35,"Pascalstr 951",NULL,Berlin,20,14111,...,"2003-06-24 00:00:00"
36,"34 Waterloo Road",NULL,Melbourne,77,3000,...,"2003-06-24 00:00:00"
37,"Downshire Way",NULL,Cambridge,14,"BA5 3HX",...,"2002-06-24 00:00:00"
38,"8154 Via Mexico",NULL,Detroit,35,48226,...,"2001-06-24 00:00:00"
39,"3997 Via De Luna",NULL,Cambridge,30,02139,...,"2002-10-25 00:00:00"
40,"1902 Santa Cruz",NULL,Bothell,79,98011,...,"2000-03-04 00:00:00"
41,"793 Crawford Street",NULL,Kenmore,79,98028,...,"2004-04-25 00:00:00"
42,"463 H Stagecoach Rd.",NULL,Kenmore,79,98028,...,"1999-02-21 00:00:00"
43,"5203 Virginia Lane",NULL,Kenmore,79,98028,...,"2000-03-16 00:00:00"
44,"4095 Cooper Dr.",NULL,Kenmore,79,98028,...,"1999-01-28 00:00:00"
45,"6697 Ridge Park Drive",NULL,Kenmore,79,98028,...,"1998-12-27 00:00:00"
46,"5669 Ironwood Way",NULL,Kenmore,79,98028,...,"1999-03-02 00:00:00"
47,"8192 Seagull Court",NULL,Kenmore,79,98028,...,"1999-02-12 00:00:00"
48,"5553 Cash Avenue",NULL,Kenmore,79,98028,...,"1998-04-04 00:00:00"
49,"7048 Laurel",NULL,Kenmore,79,98028,...,"1999-03-05 00:00:00"
50,"25 95th Ave NE",NULL,Kenmore,79,98028,...,"1999-03-10 00:00:00"
51,"3280 Pheasant Circle",NULL,Snohomish,79,98296,...,"1999-01-01 00:00:00"
52,"4231 Spar Court",NULL,Snohomish,79,98296,...,"1999-02-21 00:00:00"
53,"1285 Greenbrier Street",NULL,Snohomish,79,98296,...,"1999-01-29 00:00:00"
54,"5724 Victory Lane",NULL,Snohomish,79,98296,...,"2000-03-01 00:00:00"
55,"591 Merriewood Drive",NULL,Snohomish,79,98296,...,"1999-03-20 00:00:00"
56,"3114 Notre Dame Ave.",NULL,Snohomish,79,98296,...,"1998-01-31 00:00:00"
57,"7230 Vine Maple Street",NULL,Snohomish,79,98296,...,"1999-02-23 00:00:00"
58,"2601 Cambridge Drive",NULL,Snohomish,79,98296,...,"1999-01-06 00:00:00"
59,"2115 Passing",NULL,Snohomish,79,98296,...,"1999-01-01 00:00:00"
60,"4852 Chaparral Court",NULL,Snohomish,79,98296,...,"2000-01-26 00:00:00"
61,"7726 Driftwood Drive",NULL,Monroe,79,98272,...,"1996-07-24 00:00:00"
62,"3841 Silver Oaks Place",NULL,Monroe,79,98272,...,"1998-12-29 00:00:00"
63,"9652 Los Angeles",NULL,Monroe,79,98272,...,"1999-02-28 00:00:00"
64,"4566 La Jolla",NULL,Monroe,79,98272,...,"1999-02-09 00:00:00"
65,"1356 Grove Way",NULL,Monroe,79,98272,...,"1999-03-18 00:00:00"
66,"4775 Kentucky Dr.","Unit E",Monroe,79,98272,...,"2004-06-27 00:00:00"
67,"4734 Sycamore Court",NULL,Monroe,79,98272,...,"1999-01-21 00:00:00"
68,"896 Southdale",NULL,Monroe,79,98272,...,"1999-03-30 00:00:00"
69,"2275 Valley Blvd.",NULL,Monroe,79,98272,...,"1999-02-15 00:00:00"
70,"1792 Belmont Rd.",NULL,Monroe,79,98272,...,"1999-01-03 00:00:00"
71,"5734 Ashford Court",NULL,Monroe,79,98272,...,"1998-03-16 00:00:00"
72,"5030 Blue Ridge Dr.",NULL,Monroe,79,98272,...,"1999-03-10 00:00:00"
73,"158 Walnut Ave",NULL,Monroe,79,98272,...,"1999-03-11 00:00:00"
74,"8310 Ridge Circle",NULL,Monroe,79,98272,...,"1999-01-01 00:00:00"
75,"3747 W. Landing Avenue",NULL,Monroe,79,98272,...,"1999-04-01 00:00:00"
76,"2598 La Vista Circle",NULL,Duvall,79,98019,...,"1999-03-07 00:00:00"
77,"9693 Mellowood Street",NULL,Duvall,79,98019,...,"1998-03-23 00:00:00"
78,"1825 Corte Del Prado",NULL,Duvall,79,98019,...,"1999-01-28 00:00:00"
79,"5086 Nottingham Place",NULL,Duvall,79,98019,...,"2000-02-18 00:00:00"
80,"3977 Central Avenue",NULL,Duvall,79,98019,...,"1999-03-06 00:00:00"
81,"8209 Green View Court",NULL,Duvall,79,98019,...,"2000-03-23 00:00:00"
82,"8463 Vista Avenue",NULL,Duvall,79,98019,...,"1999-03-25 00:00:00"
83,"5379 Treasure Island Way","# 14",Duvall,79,98019,...,"1999-03-08 00:00:00"
84,"3421 Bouncing Road",NULL,Duvall,79,98019,...,"1999-01-02 00:00:00"
85,"991 Vista Verde",NULL,Duvall,79,98019,...,"1999-03-05 00:00:00"
86,"390 Ridgewood Ct.",NULL,Carnation,79,98014,...,"1999-01-21 00:00:00"
87,"1411 Ranch Drive",NULL,Carnation,79,98014,...,"1999-03-10 00:00:00"
88,"9666 Northridge Ct.",NULL,Carnation,79,98014,...,"1999-01-02 00:00:00"
89,"3074 Arbor Drive",NULL,Carnation,79,98014,...,"1999-01-15 00:00:00"
90,"9752 Jeanne Circle",NULL,Carnation,79,98014,...,"2000-02-10 00:00:00"
91,"7166 Brock Lane",NULL,Seattle,79,98104,...,"1999-01-16 00:00:00"
92,"7126 Ending Ct.",NULL,Seattle,79,98104,...,"1998-01-19 00:00:00"
93,"4598 Manila Avenue",NULL,Seattle,79,98104,...,"2000-03-01 00:00:00"
94,"5666 Hazelnut Lane",NULL,Seattle,79,98104,...,"1999-03-28 00:00:00"
95,"1220 Bradford Way",NULL,Seattle,79,98104,...,"1999-01-09 00:00:00"
96,"5375 Clearland Circle",NULL,Seattle,79,98104,...,"1999-02-05 00:00:00"
97,"2639 Anchor Court",NULL,Seattle,79,98104,...,"1998-04-11 00:00:00"
98,"502 Alexander Pl.",NULL,Seattle,79,98104,...,"1999-02-26 00:00:00"
99,"5802 Ampersand Drive",NULL,Seattle,79,98104,...,"1999-02-01 00:00:00"
100,"5125 Cotton Ct.",NULL,Seattle,79,98104,...,"1999-03-07 00:00:00"
101,"3243 Buckingham Dr.","# 207",Seattle,79,98104,...,"1999-03-19 00:00:00"
102,"3029 Pastime Dr","# 2",Seattle,79,98104,...,"1999-02-05 00:00:00"
103,"9537 Ridgewood Drive",NULL,Seattle,79,98104,...,"2000-03-08 00:00:00"
104,"9964 North Ridge Drive",NULL,Seattle,79,98104,...,"1999-03-02 00:00:00"
105,"1619 Stillman Court",NULL,Seattle,79,98104,...,"1999-01-20 00:00:00"
106,"2144 San Rafael",NULL,Seattle,79,98104,...,"1999-02-06 00:00:00"
107,"7403 N. Broadway",NULL,Seattle,79,98104,...,"1999-02-02 00:00:00"
108,"7842 Ygnacio Valley Road",NULL,Seattle,79,98104,...,"1999-01-11 00:00:00"
109,"874 Olivera Road",NULL,Seattle,79,98104,...,"2000-03-27 00:00:00"
110,"1064 Slow Creek Road",NULL,Seattle,79,98104,...,"1999-01-09 00:00:00"
111,"77 Birchwood",NULL,Seattle,79,98104,...,"1999-02-28 00:00:00"
112,"7765 Sunsine Drive",NULL,Seattle,79,98104,...,"1999-03-23 00:00:00"
113,"1102 Ravenwood",NULL,Seattle,79,98104,...,"2000-01-16 00:00:00"
114,"1398 Yorba Linda",NULL,Seattle,79,98104,...,"1999-03-12 00:00:00"
115,"4948 West 4th St",NULL,Seattle,79,98104,...,"1999-03-17 00:00:00"
116,"8290 Margaret Ct.",NULL,Seattle,79,98104,...,"1999-02-11 00:00:00"
117,"426 San Rafael",NULL,Seattle,79,98104,...,"1999-03-12 00:00:00"
118,"136 Balboa Court",NULL,Seattle,79,98104,...,"1999-01-26 00:00:00"
119,"7439 Laguna Niguel",NULL,Seattle,79,98104,...,"1998-12-30 00:00:00"
120,"6498 Mining Rd.",NULL,Seattle,79,98104,...,"1999-03-12 00:00:00"
121,"6578 Woodhaven Ln.",NULL,Seattle,79,98104,...,"1998-12-28 00:00:00"
122,"2354 Frame Ln.",NULL,Seattle,79,98104,...,"2000-01-19 00:00:00"
123,"6843 San Simeon Dr.",NULL,Seattle,79,98104,...,"1999-02-27 00:00:00"
124,"7616 Honey Court",NULL,Seattle,79,98104,...,"1999-01-06 00:00:00"
125,"931 Corte De Luna",NULL,Seattle,79,98104,...,"1999-01-09 00:00:00"
126,"7594 Alexander Pl.",NULL,Seattle,79,98104,...,"1999-01-11 00:00:00"
127,"7127 Los Gatos Court",NULL,Seattle,79,98104,...,"1998-12-31 00:00:00"
128,"8656 Lakespring Place",NULL,Seattle,79,98104,...,"2000-02-06 00:00:00"
129,"5025 Holiday Hills",NULL,Seattle,79,98104,...,"1999-01-27 00:00:00"
130,"5376 Catanzaro Way",NULL,Seattle,79,98104,...,"1999-03-29 00:00:00"
131,"504 O St.",NULL,Edmonds,79,98020,...,"1998-03-04 00:00:00"
132,"6870 D Bel Air Drive",NULL,Edmonds,79,98020,...,"2000-03-09 00:00:00"
133,"8152 Claudia Dr.",NULL,Edmonds,79,98020,...,"1999-02-06 00:00:00"
134,"6057 Hill Street",NULL,Edmonds,79,98020,...,"1999-01-16 00:00:00"
135,"2812 Mazatlan",NULL,Edmonds,79,98020,...,"1999-03-23 00:00:00"
136,"172 Turning Dr.",NULL,Edmonds,79,98020,...,"1999-01-13 00:00:00"
137,"9784 Mt Etna Drive",NULL,Edmonds,79,98020,...,"1999-01-17 00:00:00"
138,"2059 Clay Rd",NULL,Edmonds,79,98020,...,"1999-01-29 00:00:00"
139,"2687 Ridge Road",NULL,Edmonds,79,98020,...,"1999-02-14 00:00:00"
140,"371 Apple Dr.",NULL,Edmonds,79,98020,...,"1999-02-08 00:00:00"
141,"3281 Hillview Dr.",NULL,Edmonds,79,98020,...,"1999-01-11 00:00:00"
142,"2080 Sycamore Drive",NULL,Edmonds,79,98020,...,"1999-01-29 00:00:00"
143,"7511 Cooper Dr.",NULL,Edmonds,79,98020,...,"2000-03-19 00:00:00"
144,"9825 Coralie Drive",NULL,Edmonds,79,98020,...,"1999-02-07 00:00:00"
145,"8411 Mt. Orange Place",NULL,Edmonds,79,98020,...,"1999-01-13 00:00:00"
146,"207 Berry Court",NULL,Edmonds,79,98020,...,"1999-02-04 00:00:00"
147,"1061 Buskrik Avenue",NULL,Edmonds,79,98020,...,"1999-04-02 00:00:00"
148,"3632 Bank Way",NULL,Edmonds,79,98020,...,"2000-03-19 00:00:00"
149,"3026 Anchor Drive",NULL,Edmonds,79,98020,...,"2000-02-23 00:00:00"
150,"7338 Green St.",NULL,Edmonds,79,98020,...,"1999-03-23 00:00:00"
151,"2038 Encino Drive",NULL,Edmonds,79,98020,...,"1999-02-25 00:00:00"
152,"2466 Clearland Circle",NULL,Edmonds,79,98020,...,"2000-01-23 00:00:00"
153,"9277 Country View Lane",NULL,Edmonds,79,98020,...,"1998-02-26 00:00:00"
154,"5423 Champion Rd.",NULL,Edmonds,79,98020,...,"1999-01-25 00:00:00"
155,"2046 Las Palmas",NULL,Edmonds,79,98020,...,"1999-02-23 00:00:00"
156,"8684 Military East",NULL,Bellevue,79,98004,...,"1998-12-27 00:00:00"
157,"7270 Pepper Way",NULL,Bellevue,79,98004,...,"1998-12-29 00:00:00"
158,"6058 Hill Street","# 4",Bellevue,79,98004,...,"2000-01-19 00:00:00"
159,"1648 Eastgate Lane",NULL,Bellevue,79,98004,...,"1999-03-01 00:00:00"
160,"3454 Bel Air Drive",NULL,Bellevue,79,98004,...,"1999-01-31 00:00:00"
161,"3067 Maya",NULL,Bellevue,79,98004,...,"2000-02-26 00:00:00"
162,"3197 Thornhill Place",NULL,Bellevue,79,98004,...,"1999-01-23 00:00:00"
163,"3919 Pinto Road",NULL,Bellevue,79,98004,...,"1999-03-18 00:00:00"
164,"7396 Stratton Circle",NULL,Bellevue,79,98004,...,"2000-02-18 00:00:00"
165,"9745 Bonita Ct.",NULL,Bellevue,79,98004,...,"1999-03-05 00:00:00"
166,"3670 All Ways Drive",NULL,Bellevue,79,98004,...,"1998-12-26 00:00:00"
167,"7221 Peachwillow Street",NULL,Bellevue,79,98004,...,"2000-03-28 00:00:00"
168,"1343 Prospect St",NULL,Bellevue,79,98004,...,"1999-02-11 00:00:00"
169,"6448 Castle Court",NULL,Bellevue,79,98004,...,"1998-12-27 00:00:00"
170,"7902 Grammercy Lane","Unit A",Bellevue,79,98004,...,"2000-01-05 00:00:00"
171,"8668 Via Neruda",NULL,Bellevue,79,98004,...,"1999-03-27 00:00:00"
172,"4777 Rockne Drive",NULL,Bellevue,79,98004,...,"1999-02-25 00:00:00"
173,"620 Woodside Ct.",NULL,Bellevue,79,98004,...,"2001-01-18 00:00:00"
174,"6307 Greenbelt Way",NULL,Bellevue,79,98004,...,"2001-03-10 00:00:00"
175,"3284 S. Blank Avenue",NULL,Bellevue,79,98004,...,"1999-01-19 00:00:00"
176,"8751 Norse Drive",NULL,Bellevue,79,98004,...,"2000-01-29 00:00:00"
177,"6968 Wren Ave.",NULL,Bellevue,79,98004,...,"1999-03-13 00:00:00"
178,"4311 Clay Rd",NULL,Bellevue,79,98004,...,"1998-12-31 00:00:00"
179,"771 Northridge Drive","# 495",Bellevue,79,98004,...,"2002-07-09 00:00:00"
180,"2947 Vine Lane",NULL,Bellevue,79,98004,...,"2000-02-25 00:00:00"
181,"9320 Teakwood Dr.",NULL,Bellevue,79,98004,...,"1999-02-08 00:00:00"
182,"3711 Rollingwood Dr",NULL,Bellevue,79,98004,...,"1999-03-16 00:00:00"
183,"6118 Grasswood Circle",NULL,Bellevue,79,98004,...,"2000-01-11 00:00:00"
184,"5678 Clear Court",NULL,Bellevue,79,98004,...,"1999-03-13 00:00:00"
185,"2681 Eagle Peak",NULL,Bellevue,79,98004,...,"2002-09-01 00:00:00"
186,"332 Laguna Niguel",NULL,Bellevue,79,98004,...,"1999-01-18 00:00:00"
187,"7808 Brown St.",NULL,Bellevue,79,98004,...,"1999-02-10 00:00:00"
188,"6774 Bonanza",NULL,Bellevue,79,98004,...,"1999-02-01 00:00:00"
189,"3708 Montana",NULL,Bellevue,79,98004,...,"1999-01-21 00:00:00"
190,"9435 Breck Court",NULL,Bellevue,79,98004,...,"1998-01-30 00:00:00"
191,"6951 Harmony Way",NULL,Sammamish,79,98074,...,"2001-01-31 00:00:00"
192,"6871 Thornwood Dr.",NULL,Sammamish,79,98074,...,"1999-03-26 00:00:00"
193,"9104 Mt. Sequoia Ct.",NULL,Sammamish,79,98074,...,"1999-01-08 00:00:00"
194,"2095 Sierra Drive",NULL,Sammamish,79,98074,...,"2003-11-15 00:00:00"
195,"4444 Pepper Way",NULL,Sammamish,79,98074,...,"1999-03-31 00:00:00"
196,"4525 Benedict Ct.",NULL,Sammamish,79,98074,...,"1999-01-19 00:00:00"
197,"7820 Bird Drive",NULL,Sammamish,79,98074,...,"1999-01-27 00:00:00"
198,"1962 Ferndale Lane",NULL,Sammamish,79,98074,...,"1999-02-20 00:00:00"
199,"5263 Etcheverry Dr",NULL,Sammamish,79,98074,...,"1999-12-28 00:00:00"
200,"2473 Orchard Way",NULL,Sammamish,79,98074,...,"1999-02-10 00:00:00"
201,"6202 Seeno St.",NULL,Sammamish,79,98074,...,"2003-10-07 00:00:00"
202,"4096 San Remo",NULL,Sammamish,79,98074,...,"1999-01-22 00:00:00"
203,"7086 O St.",NULL,Sammamish,79,98074,...,"2000-01-31 00:00:00"
204,"4310 Kenston Dr.",NULL,Sammamish,79,98074,...,"2000-02-11 00:00:00"
205,"7939 Bayview Court",NULL,Sammamish,79,98074,...,"1999-02-15 00:00:00"
206,"6097 Mt. McKinley Ct.",NULL,Redmond,79,98052,...,"2003-10-27 00:00:00"
207,"3066 Wallace Dr.",NULL,Redmond,79,98052,...,"1999-03-23 00:00:00"
208,"9006 Woodside Way",NULL,Redmond,79,98052,...,"1998-04-22 00:00:00"
209,"9906 Oak Grove Road",NULL,Redmond,79,98052,...,"2001-03-03 00:00:00"
210,"2383 Pepper Drive",NULL,Redmond,79,98052,...,"1999-01-05 00:00:00"
211,"6369 Ellis Street",NULL,Redmond,79,98052,...,"2000-12-30 00:00:00"
212,"8000 Crane Court",NULL,Redmond,79,98052,...,"1999-03-05 00:00:00"
213,"9322 Driving Drive",NULL,Redmond,79,98052,...,"2000-02-16 00:00:00"
214,"3768 Door Way",NULL,Redmond,79,98052,...,"1998-01-13 00:00:00"
215,"101 Candy Rd.",NULL,Redmond,79,98052,...,"2000-04-02 00:00:00"
216,"2427 Notre Dame Ave.",NULL,Redmond,79,98052,...,"2001-01-28 00:00:00"
217,"1960 Via Catanzaro",NULL,Redmond,79,98052,...,"2003-11-14 00:00:00"
218,"9863 Ridge Place",NULL,Redmond,79,98052,...,"1999-02-17 00:00:00"
219,"3397 Rancho View Drive",NULL,Redmond,79,98052,...,"2001-01-16 00:00:00"
220,"4909 Poco Lane",NULL,Redmond,79,98052,...,"1999-01-08 00:00:00"
221,"7297 RisingView",NULL,Redmond,79,98052,...,"1999-01-10 00:00:00"
222,"7723 Firestone Drive",NULL,Redmond,79,98052,...,"2003-07-16 00:00:00"
223,"1275 West Street",NULL,Redmond,79,98052,...,"1999-02-27 00:00:00"
224,"2137 Birchwood Dr",NULL,Redmond,79,98052,...,"1997-12-05 00:00:00"
225,"249 Alexander Pl.",NULL,Redmond,79,98052,...,"2004-07-24 00:00:00"
226,"2482 Buckingham Dr.",NULL,Redmond,79,98052,...,"1999-03-22 00:00:00"
227,"8467 Clifford Court",NULL,Redmond,79,98052,...,"1999-04-01 00:00:00"
228,"9241 St George Dr.",NULL,Everett,79,98201,...,"1999-02-21 00:00:00"
229,"3928 San Francisco",NULL,Everett,79,98201,...,"1999-02-06 00:00:00"
230,"475 Santa Maria",NULL,Everett,79,98201,...,"1999-01-23 00:00:00"
231,"181 Gaining Drive",NULL,Everett,79,98201,...,"1998-12-26 00:00:00"
232,"3385 Crestview Drive",NULL,Everett,79,98201,...,"1999-02-15 00:00:00"
233,"1185 Dallas Drive",NULL,Everett,79,98201,...,"1999-01-06 00:00:00"
234,"7883 Missing Canyon Court",NULL,Everett,79,98201,...,"1997-02-19 00:00:00"
235,"5452 Corte Gilberto",NULL,Everett,79,98201,...,"1999-01-07 00:00:00"
236,"9008 Creekside Drive",NULL,Everett,79,98201,...,"2003-04-24 00:00:00"
237,"5242 Marvelle Ln.",NULL,Everett,79,98201,...,"2000-04-03 00:00:00"
238,"4098 Woodcrest Dr.",NULL,Everett,79,98201,...,"2003-09-04 00:00:00"
239,"8624 Pepper Way",NULL,Everett,79,98201,...,"1999-03-30 00:00:00"
240,"2176 Apollo Way",NULL,Everett,79,98201,...,"1998-01-30 00:00:00"
241,"1962 Cotton Ct.",NULL,Everett,79,98201,...,"1999-01-03 00:00:00"
242,"1362 Somerset Place",NULL,Everett,79,98201,...,"1999-03-21 00:00:00"
243,"3238 Laguna Circle",NULL,Everett,79,98201,...,"1999-02-12 00:00:00"
244,"3665 Oak Creek Ct.",NULL,Everett,79,98201,...,"1999-03-28 00:00:00"
245,"7640 First Ave.",NULL,Everett,79,98201,...,"1999-01-12 00:00:00"
246,"6629 Polson Circle",NULL,Everett,79,98201,...,"1999-03-19 00:00:00"
247,"2294 West 39th St.",NULL,Everett,79,98201,...,"1999-03-28 00:00:00"
248,"1400 Gate Drive",NULL,"Newport Hills",79,98006,...,"1999-03-05 00:00:00"
249,"4350 Minute Dr.",NULL,"Newport Hills",79,98006,...,"1999-02-08 00:00:00"
250,"9297 Kenston Dr.",NULL,"Newport Hills",79,98006,...,"1999-01-06 00:00:00"
251,"8967 Hamilton Ave.",NULL,"Newport Hills",79,98006,...,"1999-02-06 00:00:00"
252,"9687 Shakespeare Drive",NULL,"Newport Hills",79,98006,...,"1999-01-19 00:00:00"
253,"1397 Paradise Ct.",NULL,"Newport Hills",79,98006,...,"1999-02-18 00:00:00"
254,"3030 Blackburn Ct.",NULL,"Newport Hills",79,98006,...,"1999-01-26 00:00:00"
255,"7469 Paradise Ct.",NULL,"Newport Hills",79,98006,...,"2004-04-02 00:00:00"
256,"9605 Pheasant Circle",NULL,"Gold Bar",79,98251,...,"1999-02-24 00:00:00"
257,"2425 Notre Dame Ave",NULL,"Gold Bar",79,98251,...,"2000-02-21 00:00:00"
258,"8036 Summit View Dr.",NULL,"Gold Bar",79,98251,...,"1999-01-08 00:00:00"
259,"213 Stonewood Drive",NULL,"Gold Bar",79,98251,...,"1999-03-22 00:00:00"
260,"3884 Beauty Street","# 14","Gold Bar",79,98251,...,"1999-03-08 00:00:00"
261,"1748 Bird Drive",NULL,Index,79,98256,...,"2000-03-31 00:00:00"
262,"310 Winter Lane",NULL,Index,79,98256,...,"1999-01-31 00:00:00"
263,"3514 Sunshine",NULL,Index,79,98256,...,"2000-03-12 00:00:00"
264,"1245 Clay Road",NULL,Index,79,98256,...,"1999-04-02 00:00:00"
265,"3127 El Camino Drive",NULL,Index,79,98256,...,"1999-03-06 00:00:00"
266,"7691 Benedict Ct.","# 141",Issaquah,79,98027,...,"1999-03-03 00:00:00"
267,"1144 Paradise Ct.",NULL,Issaquah,79,98027,...,"1999-02-11 00:00:00"
268,"7435 Ricardo",NULL,Issaquah,79,98027,...,"1999-03-01 00:00:00"
269,"9530 Vine Lane",NULL,Issaquah,79,98027,...,"1999-03-20 00:00:00"
270,"6580 Poor Ridge Court",NULL,Issaquah,79,98027,...,"1998-12-29 00:00:00"
271,"5979 El Pueblo",NULL,Issaquah,79,98027,...,"1999-01-17 00:00:00"
272,"1921 Ranch Road",NULL,Issaquah,79,98027,...,"1999-02-05 00:00:00"
273,"3848 East 39th Street",NULL,Issaquah,79,98027,...,"1999-02-28 00:00:00"
274,"5256 Chickpea Ct.",NULL,Issaquah,79,98027,...,"1999-03-13 00:00:00"
275,"989 Crown Ct",NULL,Issaquah,79,98027,...,"1999-03-31 00:00:00"
276,"3333 Madhatter Circle",NULL,Issaquah,79,98027,...,"1999-01-10 00:00:00"
277,"342 San Simeon",NULL,Issaquah,79,98027,...,"1999-01-29 00:00:00"
278,"9314 Icicle Way",NULL,Issaquah,79,98027,...,"1999-02-16 00:00:00"
279,"7772 Golden Meadow",NULL,Issaquah,79,98027,...,"2001-03-11 00:00:00"
280,"8585 Los Gatos Ct.",NULL,Issaquah,79,98027,...,"1999-02-09 00:00:00"
281,"7985 Center Street",NULL,Renton,79,98055,...,"1999-01-22 00:00:00"
282,"5980 Icicle Circle","Unit H",Renton,79,98055,...,"2000-02-17 00:00:00"
283,"1378 String Dr",NULL,Renton,79,98055,...,"2000-02-21 00:00:00"
284,"9495 Limewood Place",NULL,Renton,79,98055,...,"1999-03-25 00:00:00"
285,"2598 Breck Court",NULL,Renton,79,98055,...,"1999-12-27 00:00:00"
286,"5670 Bel Air Dr.",NULL,Renton,79,98055,...,"1998-02-17 00:00:00"
287,"7165 Brock Lane",NULL,Renton,79,98055,...,"2001-02-11 00:00:00"
288,"2736 Scramble Rd",NULL,Renton,79,98055,...,"1999-01-01 00:00:00"
289,"2266 Greenwood Circle",NULL,Renton,79,98055,...,"2000-03-29 00:00:00"
290,"5297 Algiers Drive",NULL,Renton,79,98055,...,"2004-06-27 00:00:00"
291,"9533 Working Drive",NULL,Renton,79,98055,...,"2000-01-15 00:00:00"
292,"1803 Olive Hill",NULL,Renton,79,98055,...,"1999-02-27 00:00:00"
293,"7559 Worth Ct.",NULL,Renton,79,98055,...,"1998-02-24 00:00:00"
294,"3770 Viewpoint Ct",NULL,Renton,79,98055,...,"2003-09-05 00:00:00"
295,"6510 Hacienda Drive",NULL,Renton,79,98055,...,"2001-01-23 00:00:00"
296,"6937 E. 42nd Street",NULL,Renton,79,98055,...,"1999-02-25 00:00:00"
297,"7943 Walnut Ave",NULL,Renton,79,98055,...,"2002-08-01 00:00:00"
298,"2176 Brown Street",NULL,Renton,79,98055,...,"1999-03-23 00:00:00"
299,"4312 Cambridge Drive",NULL,Renton,79,98055,...,"1999-02-14 00:00:00"
300,"5009 Orange Street",NULL,Renton,79,98055,...,"2002-05-11 00:00:00"
301,"4405 Balboa Court",NULL,"Santa Cruz",9,95062,...,"2001-05-26 00:00:00"
302,"7995 Edwards Ave.",NULL,Lynnwood,79,98036,...,"2001-05-26 00:00:00"
303,"4659 Montoya",NULL,Altadena,9,91001,...,"2001-05-26 00:00:00"
304,"1667 Warren Street",NULL,"West Covina",9,91791,...,"2001-05-26 00:00:00"
305,"7179 Montana",NULL,Torrance,9,90505,...,"2001-06-09 00:00:00"
306,"9 Guadalupe Dr.",NULL,Burbank,9,91502,...,"2001-06-09 00:00:00"
307,"50 Big Canyon Road",NULL,Lebanon,58,97355,...,"2001-06-09 00:00:00"
308,"65 Park Glen Court",NULL,"Port Orchard",79,98366,...,"2001-06-09 00:00:00"
309,"28 San Marino Ct.",NULL,Bellingham,79,98225,...,"2002-01-23 00:00:00"
310,"2472 Alexander Place",NULL,"West Covina",23,83301,...,"2002-01-23 00:00:00"
311,"9830 May Way",NULL,"Mill Valley",40,59715,...,"2002-01-23 00:00:00"
312,"1286 Cincerto Circle",NULL,"Lake Oswego",58,97034,...,"2002-01-23 00:00:00"
313,"2141 Delaware Ct.",NULL,Downey,72,37501,...,"2002-01-23 00:00:00"
314,"218 Fall Creek Road",NULL,"West Covina",9,91791,...,"2002-01-23 00:00:00"
315,"5807 Churchill Dr.",NULL,Corvallis,58,97330,...,"2002-01-23 00:00:00"
316,"6061 St. Paul Way",NULL,Everett,40,98201,...,"2002-01-23 00:00:00"
317,"628 Muir Road",NULL,"Los Angeles",9,90012,...,"2002-01-24 00:00:00"
318,"2313 B Southampton Rd",NULL,Missoula,40,59801,...,"2002-01-24 00:00:00"
319,"137 Lancelot Dr",NULL,Phoenix,6,85004,...,"2002-02-25 00:00:00"
320,"3 Gehringer Drive",NULL,"Daly City",9,94015,...,"2002-01-24 00:00:00"
321,"15 Pear Dr.",NULL,"Newport Beach",9,92625,...,"2002-01-24 00:00:00"
322,"1 Mt. Dell Drive",NULL,Portland,58,97205,...,"2002-01-24 00:00:00"
323,"7651 Smiling Tree Court","Space 55","Los Angeles",9,90012,...,"2002-01-24 00:00:00"
324,"50 Via Del Sol",NULL,Lynnwood,79,98036,...,"2002-01-24 00:00:00"
325,"9491 Toyon Dr",NULL,Dallas,73,75201,...,"2002-01-24 00:00:00"
326,"4151 Olivera",NULL,Atlanta,17,30308,...,"2002-01-24 00:00:00"
327,"3 Chablis Court",NULL,Torrance,9,90505,...,"2002-01-24 00:00:00"
328,"2 Lion Circle",NULL,"Long Beach",9,90802,...,"2002-01-24 00:00:00"
329,"9056 Mount Dr",NULL,Chicago,24,60610,...,"2002-01-24 00:00:00"
330,"67 Monetary Way",NULL,Berkeley,9,94704,...,"2002-02-17 00:00:00"
331,"419 River Ash Court",#9,Lakewood,37,63301,...,"2002-02-17 00:00:00"
332,"4823 Stonewood Ct.",NULL,"Walla Walla",79,99362,...,"2002-01-24 00:00:00"
333,"50 Edward Ave",NULL,Concord,9,94519,...,"2002-02-17 00:00:00"
334,"8157 Tweed Lane",NULL,Anacortes,79,98221,...,"2002-03-05 00:00:00"
335,"8547 Catherine Way",NULL,Tacoma,79,98403,...,"2002-02-17 00:00:00"
336,"8892 Columbia River Ct.",NULL,"Santa Cruz",9,95062,...,"2002-02-25 00:00:00"
337,"2909 Toyon Dr.",NULL,Burlingame,9,94010,...,"2002-02-25 00:00:00"
338,"8127 Otter Dr.",NULL,Boise,23,83702,...,"2002-02-25 00:00:00"
339,"7053 Laurel Dr.",NULL,"La Mesa",48,88044,...,"2002-02-25 00:00:00"
340,"8629 Pepper Place",NULL,Bellevue,79,98004,...,"2002-03-06 00:00:00"
341,"8981 Carmel Drive",NULL,"W. Linn",52,89701,...,"2002-01-24 00:00:00"
342,"8513 Hurlstone Ct.",NULL,Altadena,9,91001,...,"2002-02-25 00:00:00"
343,"50 Breck Court",NULL,Bremerton,79,98312,...,"2001-06-09 00:00:00"
344,"2342 Peachwillow",NULL,Denver,10,80203,...,"2002-03-01 00:00:00"
345,"6441 Co Road",NULL,"Lemon Grove",6,85252,...,"2002-02-25 00:00:00"
346,"2596 Big Canyon Road",NULL,"New York",54,10007,...,"2002-01-24 00:00:00"
347,"87 Pheasant Circle",NULL,Oakland,9,94611,...,"2002-02-25 00:00:00"
348,"3664 Colt Ct.",NULL,Richmond,9,94801,...,"2002-02-25 00:00:00"
349,"3294 Buena Vista",NULL,"Lemon Grove",6,85284,...,"2002-03-06 00:00:00"
350,"6959 Lakewood Court",NULL,"Daly City",9,94015,...,"2002-02-25 00:00:00"
351,"1192 Parkway Drive",NULL,"Mill Valley",44,68601,...,"2002-01-23 00:00:00"
352,"3195 RiverRock Dr.",NULL,Burlingame,9,94010,...,"2002-03-06 00:00:00"
353,"9620 Laurel Drive",NULL,Novato,82,82070,...,"2002-03-05 00:00:00"
354,"5 Madrid",NULL,Concord,9,94519,...,"2002-02-25 00:00:00"
355,"102 Silverado Drive",NULL,"W. Linn",58,97068,...,"2002-02-25 00:00:00"
356,"75 Q St.",NULL,"Chula Vista",9,91910,...,"2002-02-17 00:00:00"
357,"683 Larch Ct.",NULL,"Salt Lake City",74,84101,...,"2002-02-25 00:00:00"
358,"20 Rambling Rose Ave.","# 103","West Covina",9,91791,...,"2002-02-25 00:00:00"
359,"6119 11th",NULL,"Salt Lake City",74,84101,...,"2002-02-25 00:00:00"
360,"8844 Garcia",NULL,"West Covina",9,91791,...,"2002-01-24 00:00:00"
361,"32 East 87th Street",NULL,"Long Beach",9,90802,...,"2002-02-25 00:00:00"
362,"31 Bridgeview St",NULL,Glendale,9,91203,...,"2002-01-24 00:00:00"
363,"1874 Valley Blvd.",NULL,"Palo Alto",9,94303,...,"2002-02-25 00:00:00"
364,"3253 La Jolla",NULL,Salem,58,97301,...,"2002-03-01 00:00:00"
365,"6030 Winter Drive","# 4d","Imperial Beach",9,91932,...,"2002-03-01 00:00:00"
366,"1619 Mills Dr.",NULL,Albany,58,97321,...,"2002-03-01 00:00:00"
367,"978 Mozden Lane",NULL,"San Francisco",9,94109,...,"2002-03-05 00:00:00"
368,"298 Sunnybrook Drive",NULL,"Spring Valley",9,91977,...,"2002-01-23 00:00:00"
369,"9151 Napa C.",NULL,Lebanon,58,97355,...,"2002-03-01 00:00:00"
370,"24 Bohon Circle",NULL,Burlingame,9,94010,...,"2002-02-25 00:00:00"
371,"7 B Way",NULL,Woodburn,58,97071,...,"2002-03-06 00:00:00"
372,"7 Mayda Way",NULL,Bremerton,79,98312,...,"2002-03-06 00:00:00"
373,"60 Oakgrove Rd.",NULL,Lebanon,58,97355,...,"2002-03-01 00:00:00"
374,"594 Tossing Way",NULL,Detroit,35,48226,...,"2002-03-05 00:00:00"
375,"7562 Daylight Place",NULL,Everett,79,98201,...,"2002-03-05 00:00:00"
376,"9098 Story Lane",NULL,Albany,54,12210,...,"2002-03-05 00:00:00"
377,"8 Rogers Ave.",NULL,Everett,79,98201,...,"2002-03-05 00:00:00"
378,"90 Trujillo",NULL,"Sedro Woolley",79,98284,...,"2002-03-05 00:00:00"
379,"68 Filling Ave.",NULL,Beaverton,58,97005,...,"2002-03-05 00:00:00"
380,"3427 C Del Rio Ln",NULL,Anacortes,79,98221,...,"2002-03-05 00:00:00"
381,"7682 Fern Leaf Lane",NULL,Boston,30,02113,...,"2002-03-05 00:00:00"
382,"6360 Sand Pointe Lane",NULL,Coronado,9,92118,...,"2002-03-05 00:00:00"
383,"20 Smiling Tree Court",NULL,Burbank,9,91502,...,"2002-03-05 00:00:00"
384,"35 Buckthorn Court","# 1",Kirkland,79,98033,...,"2002-03-05 00:00:00"
385,"207 Concerto Circle",NULL,Salem,58,97301,...,"2002-03-05 00:00:00"
386,"5514 Grant Street",NULL,Ballard,79,98107,...,"2002-03-05 00:00:00"
387,"50 Kim Court",NULL,Coronado,9,92118,...,"2002-03-05 00:00:00"
388,"2834 Clifford Court",#9,Anacortes,79,98221,...,"2002-03-05 00:00:00"
389,"80 Edward Ave",NULL,Burien,79,98168,...,"2002-03-05 00:00:00"
390,"8671 Westwood Lane",NULL,"Palo Alto",9,94303,...,"2002-03-05 00:00:00"
391,"2014 Delta Road",NULL,Burien,79,98168,...,"2002-02-25 00:00:00"
392,"87 S. Rising Ave",NULL,Lynnwood,79,98036,...,"2002-03-06 00:00:00"
393,"9443 Oaxaca",NULL,Lakewood,9,90712,...,"2002-03-06 00:00:00"
394,"581 Roundtree Place",NULL,Spokane,79,99202,...,"2002-03-06 00:00:00"
395,"3681 South St.",NULL,"St. Louis",37,63103,...,"2002-03-06 00:00:00"
396,"6 Dancing Road",NULL,Burien,79,98168,...,"2002-03-06 00:00:00"
397,"90 Sunny Ave",NULL,Berkeley,9,94704,...,"2002-03-06 00:00:00"
398,"81 Ana Mile",NULL,Spokane,79,99202,...,"2002-03-21 00:00:00"
399,"3459 Tri-state Ave",NULL,Issaquah,79,98027,...,"2002-03-21 00:00:00"
400,"40 Panorama Drive",NULL,Glendale,9,91203,...,"2002-03-21 00:00:00"
401,"8197 Hermosa",NULL,Salem,58,97301,...,"2002-03-21 00:00:00"
402,"7786 Olive St",NULL,Olympia,79,98501,...,"2002-03-21 00:00:00"
403,"8040 Erie Dr","6 Monteira",Houston,73,77003,...,"2002-03-21 00:00:00"
404,"7824 Frame Ln",NULL,Philadelphia,59,19107,...,"2002-03-21 00:00:00"
405,"25 Epping Road",NULL,"Lavender Bay",50,2060,...,"2003-09-01 00:00:00"
406,"Ctrcrt Bus Pk/995-27 Paul St N",NULL,"Lavender Bay",50,2060,...,"2003-09-01 00:00:00"
407,"2-252 Beauchamp Road","Botany Bay Industrial Estate",Cloverdale,66,6105,...,"2003-09-01 00:00:00"
408,"65 Epping Rd",NULL,"Lavender Bay",50,2060,...,"2003-09-01 00:00:00"
409,"99 - 6 Orion Road",NULL,"Lane Cove",50,1597,...,"2003-08-01 00:00:00"
410,"2565-175 Mitchell Road",NULL,Alexandria,50,2015,...,"2003-09-01 00:00:00"
411,"Chabbell Park",NULL,"North Ryde",50,2113,...,"2003-07-01 00:00:00"
412,"2520b Underwood Street",NULL,"Lavender Bay",50,2060,...,"2003-08-01 00:00:00"
413,"65 Epping Road",NULL,"North Ryde",50,2113,...,"2003-08-01 00:00:00"
414,"5525 Glenferrie Road",NULL,Hawthorne,64,4171,...,"2003-07-01 00:00:00"
415,"2253 Miller Street",NULL,"North Sydney",50,2055,...,"2003-09-01 00:00:00"
416,"Level 100","77 Southbank Boulevard","South Melbourne",77,3205,...,"2003-08-01 00:00:00"
417,Rosebery,NULL,"Lavender Bay",50,2060,...,"2003-07-01 00:00:00"
418,"Licensing Account",NULL,Seaford,77,3198,...,"2003-09-01 00:00:00"
419,"Level 99","12 South 10th Avenue",Melbourne,77,3000,...,"2003-09-01 00:00:00"
420,"Ctrcrt Bus Pk/995-27 Paul St N",NULL,"North Ryde",50,2113,...,"2003-09-01 00:00:00"
421,"2501 Miller Street",NULL,"North Sydney",50,2055,...,"2003-09-01 00:00:00"
422,"6 Lord Street",NULL,Matraville,50,2036,...,"2003-08-01 00:00:00"
423,"Level 6","538 Climbing Street",Matraville,50,2036,...,"2003-08-01 00:00:00"
424,"P.O. Box 990032",NULL,Findon,66,5023,...,"2003-08-01 00:00:00"
425,"P O Box 72569",NULL,"East Brisbane",64,4169,...,"2003-09-01 00:00:00"
426,"2nd Floor","55 Lavender Street","Milsons Point",50,2061,...,"2003-08-01 00:00:00"
427,"258 Berry Street",NULL,"North Sydney",50,2055,...,"2003-08-01 00:00:00"
428,"85 Egerton Street",NULL,Silverwater,50,2264,...,"2003-07-01 00:00:00"
429,"Po Box 25484",NULL,Springwood,50,2777,...,"2003-08-01 00:00:00"
430,"Orwith Center","39 Herbert Street","St. Leonards",50,2065,...,"2003-09-01 00:00:00"
431,"Level 7","114 Albert Road",Rhodes,50,2138,...,"2003-09-01 00:00:00"
432,"254a James Street Botany",NULL,Malabar,50,2036,...,"2004-06-01 00:00:00"
433,"Level 25","96 Lytton Rd.",Melbourne,77,3000,...,"2003-08-01 00:00:00"
434,"Level 25","538 Climbing Street",Rhodes,50,2138,...,"2003-09-01 00:00:00"
435,"2253-217 Palmer Street",NULL,Darlinghurst,50,2010,...,"2003-09-01 00:00:00"
436,"4250 Concord Road",NULL,Rhodes,50,2138,...,"2003-09-01 00:00:00"
437,"Level 992","56 Pitt Street",Melbourne,77,3000,...,"2003-07-01 00:00:00"
438,"Level 7","201 Sussex Street",Matraville,50,2036,...,"2003-09-01 00:00:00"
439,"Level 5","157 Liverpool Street",Rhodes,50,2138,...,"2003-07-01 00:00:00"
440,"No. 6","Millenium Court",Perth,66,6006,...,"2003-09-01 00:00:00"
441,"Level 59",NULL,Alexandria,50,2015,...,"2003-08-01 00:00:00"
442,"45671 Queens Road Ct.",NULL,Melbourne,77,3000,...,"2003-07-01 00:00:00"
443,"Level 7","80 Arthur Street",Newcastle,50,2300,...,"2003-09-01 00:00:00"
444,"254a Baker Street",Botany,Sydney,50,1002,...,"2003-09-01 00:00:00"
445,"6388 Lake City Way",NULL,Burnaby,7,"V5A 3A6",...,"2002-09-01 00:00:00"
446,"52560 Free Street",NULL,Toronto,57,"M4B 1V7",...,"2001-08-01 00:00:00"
447,"22580 Free Street",NULL,Toronto,57,"M4B 1V7",...,"2002-08-01 00:00:00"
448,"2575 Bloor Street East",NULL,Toronto,57,"M4B 1V6",...,"2003-08-01 00:00:00"
449,"Station E",NULL,"Chalk Riber",57,"K0J 1J0",...,"2001-08-01 00:00:00"
450,"575 Rue St Amable",NULL,Quebec,63,G1R,...,"2002-09-01 00:00:00"
451,"2512-4th Ave Sw",NULL,Calgary,1,"T2P 2G8",...,"2002-12-01 00:00:00"
452,"55 Lakeshore Blvd East",NULL,Toronto,57,"M4B 1V6",...,"2001-09-01 00:00:00"
453,"6333 Cote Vertu",NULL,Montreal,63,"H1Y 2H7",...,"2003-09-01 00:00:00"
454,"3255 Front Street West",NULL,Toronto,57,"M4B 1V6",...,"2003-08-01 00:00:00"
455,"2550 Signet Drive",NULL,Weston,57,"M9V 4W3",...,"2002-08-01 00:00:00"
456,"6777 Kingsway",NULL,Burnaby,7,"V5H 3Z7",...,"2002-08-01 00:00:00"
457,"5250-505 Burning St",NULL,Vancouver,7,"V7L 4J4",...,"2002-07-01 00:00:00"
458,"600 Slater Street",NULL,Ottawa,57,"K4B 1S2",...,"2001-07-01 00:00:00"
459,"25575 The Queensway",NULL,Etobicoke,57,"M9W 3P3",...,"2001-08-01 00:00:00"
460,"2521 McPherson Street",NULL,Markham,57,"L3S 3K2",...,"2003-08-01 00:00:00"
461,"2560 Bay Street",NULL,Toronto,57,"M4B 1V7",...,"2002-08-01 00:00:00"
462,"630 University Avenue",NULL,Toronto,57,"M4B 1V7",...,"2001-08-01 00:00:00"
463,"992 St Clair Ave East",NULL,Toronto,57,"M4B 1V7",...,"2001-09-01 00:00:00"
464,"99, Rue Saint-pierre",NULL,Pnot-Rouge,63,"J1E 2T7",...,"2001-07-01 00:00:00"
465,"25245 Rue Sherbrooke Ouest",NULL,Montreal,63,"H1Y 2H5",...,"2003-07-01 00:00:00"
466,"655-4th Ave S.W.",NULL,Calgary,1,"T2P 2G8",...,"2001-08-01 00:00:00"
467,"25900-700-9th Ave S.W.",NULL,Calgary,1,"T2P 2G8",...,"2001-11-01 00:00:00"
468,"Po Box 83270",NULL,Vancouver,7,"V7L 4J4",...,"2003-08-01 00:00:00"
469,"400-25155 West Pender St",NULL,Vancouver,7,"V7L 4J4",...,"2003-09-01 00:00:00"
470,"2511 Baker Road",NULL,Toronto,57,"M4B 1V7",...,"2001-09-01 00:00:00"
471,"770 Notre Datme Quest Bureau 800",NULL,Montreal,63,"H1Y 2H7",...,"2001-09-01 00:00:00"
472,"250551 Shellbridge Way",NULL,Richmond,7,"V6B 3P7",...,"2001-09-01 00:00:00"
473,"595 Burning Street",NULL,Vancouver,7,"V7L 4J4",...,"2001-09-01 00:00:00"
474,"252345 8810th Avenue",NULL,Surrey,7,"V3T 4W3",...,"2001-09-01 00:00:00"
475,"2512-410th Avenue S.W.",NULL,Calgary,1,"T2P 2G8",...,"2003-09-01 00:00:00"
476,"258 King Street East",NULL,Toronto,57,"M4B 1V7",...,"2001-08-01 00:00:00"
477,"6th Floor Ferguson Block",NULL,Toronto,57,"M4B 1V7",...,"2001-08-01 00:00:00"
478,"2545 King Street West",NULL,Toronto,57,"M4B 1V7",...,"2001-08-01 00:00:00"
479,"2550 Middlefield Road",NULL,Scarborough,57,"M1V 4M2",...,"2001-08-01 00:00:00"
480,"25 First Canadian Place",NULL,Toronto,57,"M4B 1V5",...,"2001-08-01 00:00:00"
481,"65 Gamelin Street",NULL,Hull,63,8Y,...,"2002-08-01 00:00:00"
482,"2500 University Avenue",NULL,Toronto,57,"M4B 1V5",...,"2001-07-01 00:00:00"
483,"955 Green Valley Crescent",NULL,Ottawa,57,"K4B 1S1",...,"2003-09-01 00:00:00"
484,"2510 Crew Court",NULL,Montreal,63,"H1Y 2H8",...,"2004-06-01 00:00:00"
485,"9900-6400 Boul, Taschereau",NULL,Brossard,63,"J4Z 1R4",...,"2002-07-01 00:00:00"
486,"600 Boul. Rene-levesque Ouest",NULL,Montreal,63,"H1Y 2H7",...,"2002-07-01 00:00:00"
487,"9259 - 1110th Avenue Sw",NULL,Calgary,1,"T2P 2G8",...,"2002-09-01 00:00:00"
488,"45259 Canada Way",NULL,Burnaby,7,"V5G 4S4",...,"2003-08-01 00:00:00"
489,"9960 King Street E.",NULL,Toronto,57,"M4B 1V5",...,"2003-08-01 00:00:00"
490,"9979 Bayview Drive",NULL,Barrie,57,L4N,...,"2002-08-01 00:00:00"
491,"20225 Lansing Ave",NULL,Montreal,63,"H1Y 2H7",...,"2003-09-01 00:00:00"
492,"99954 Boul. Laurier, Local 060, Place",NULL,Sainte-Foy,63,G1W,...,"2003-09-01 00:00:00"
493,"6th Floor 5250 Main Street",NULL,Winnipeg,31,R3,...,"2003-09-01 00:00:00"
494,"Box 99354 300 Union Street",NULL,"Saint John",41,"E2P 1E3",...,"2002-07-01 00:00:00"
495,"Suite 800 2530 Slater Street",NULL,Ottawa,57,"K4B 1T7",...,"2002-09-01 00:00:00"
496,"Suite 500 995 W. 11th Avenue",NULL,Mississauga,57,"L5A 1H6",...,"2003-08-01 00:00:00"
497,"#9900 2700 Production Way",NULL,Burnaby,7,"V5A 4X1",...,"2001-08-01 00:00:00"
498,"25537 Hillside Avenue",NULL,Victoria,7,V8V,...,"2001-08-01 00:00:00"
499,"Suite 2502 410 Albert Street",NULL,Waterloo,57,N2V,...,"2002-08-01 00:00:00"
500,"5700 Explorer Drive",NULL,Mississauga,57,"L4W 5J3",...,"2001-08-01 00:00:00"
501,"965 De La Gauchetiere West",NULL,Montreal,63,"H1Y 2H8",...,"2001-08-01 00:00:00"
502,"No. 25400 10665 Jasper Avenue",NULL,Edmonton,1,T5,...,"2002-08-01 00:00:00"
503,"P.O. Box 44000",NULL,Winnipeg,31,R3,...,"2001-08-01 00:00:00"
504,"Suite 99320 255 - 510th Avenue S.W.",NULL,Calgary,1,"T2P 2G8",...,"2001-08-01 00:00:00"
505,"6400, 888 - 3rd Avenue",NULL,Calgary,1,"T2P 2G8",...,"2001-08-01 00:00:00"
506,"255117 - 101 Avenue",NULL,Surrey,7,"V3T 4W3",...,"2001-08-01 00:00:00"
507,"975 Princess Street",NULL,Kingston,57,7L,...,"2003-09-01 00:00:00"
508,"2900 - 25055 Dunning Street",NULL,Vancouver,7,"V7L 4J4",...,"2002-12-01 00:00:00"
509,"Suite 25800 3401 - 10810th Avenue",NULL,Surrey,7,"V3T 4W3",...,"2001-08-01 00:00:00"
510,"750 Philip Street",NULL,Waterloo,57,N2V,...,"2001-11-01 00:00:00"
511,"Bureau 9900 825, Avenue Querbes",NULL,Outremont,63,"H1Y 2G5",...,"2002-12-01 00:00:00"
512,"700 Bureau Road",NULL,Montreal,63,"H1Y 2H7",...,"2003-09-01 00:00:00"
513,"253711 Mayfield Place, Unit 150",NULL,Richmond,7,"V6B 3P7",...,"2003-09-01 00:00:00"
514,"63 West Beaver Creek",NULL,"Richmond Hill",57,"L4E 3M5",...,"2002-09-01 00:00:00"
515,"9900 Ronson Drive",NULL,Etobicoke,57,"M9W 3P3",...,"2002-07-01 00:00:00"
516,"251 Indell Lane",NULL,Brampton,57,"L6W 2T7",...,"2002-08-01 00:00:00"
517,"2573 Dufferin Street",NULL,Toronto,57,"M4B 1V5",...,"2001-07-01 00:00:00"
518,"995 Crescent",NULL,"Richmond Hill",57,"L4E 3M5",...,"2003-09-01 00:00:00"
519,"2500-622 5th Ave Sw",NULL,Calgary,1,"T2P 2G8",...,"2002-08-01 00:00:00"
520,"6700 Boul Taschereau",NULL,Brossard,63,"J4Z 1C5",...,"2001-09-01 00:00:00"
521,"55 Standish Court",NULL,Mississauga,57,"L5B 3V4",...,"2002-09-01 00:00:00"
522,"43251 Viking Way, Unit 130",NULL,Richmond,7,"V6B 3P7",...,"2003-02-01 00:00:00"
523,"46990 Viking Way",NULL,Richmond,7,"V6B 3P7",...,"2001-08-01 00:00:00"
524,"9693 Louis H Lafontaine",NULL,"Ville De'anjou",63,"J1G 2R3",...,"2002-08-01 00:00:00"
525,"69251 Creditview Road",NULL,Mississauga,57,"L5B 3V4",...,"2001-07-01 00:00:00"
526,"251420a 170th Street",NULL,Edmonton,1,T5,...,"2002-07-01 00:00:00"
527,"252851 Rowan Place",NULL,Richmond,7,"V6B 3P7",...,"2002-09-01 00:00:00"
528,"5990 Avebury Road",NULL,Mississauga,57,"L5B 3V4",...,"2001-09-01 00:00:00"
529,"254480 River Rd",NULL,Richmond,7,"V6B 3P7",...,"2001-07-01 00:00:00"
530,"Suite #9902",NULL,"North York",57,"M4C 4K6",...,"2001-07-01 00:00:00"
531,"5th Floor, 79 Place D'armes",NULL,Kingston,57,7L,...,"2002-11-01 00:00:00"
532,"#500-75 O'Connor Street",NULL,Ottawa,57,"K4B 1S2",...,"2001-12-01 00:00:00"
533,"4400 March Road",NULL,Kanata,57,"K2L 1H5",...,"2001-11-01 00:00:00"
534,"Depot 80",NULL,Sillery,63,G1T,...,"2001-08-01 00:00:00"
535,"250 Kingsbridge Garden Circle",NULL,Mississauga,57,"L5B 3V4",...,"2001-11-01 00:00:00"
536,"No. 2000-25080 Beaver Hall Hill",NULL,Quebec,63,G1R,...,"2002-09-01 00:00:00"
537,"No. 25800-130 King Street West",NULL,Toronto,57,"M4B 1V5",...,"2001-09-01 00:00:00"
538,"25 Danger Street West","Floor 7",Toronto,57,"M4B 1V5",...,"2003-08-01 00:00:00"
539,"6th Floor, 25st Canadian Place",NULL,Toronto,57,"M4B 1V5",...,"2001-08-01 00:00:00"
540,"254 Colonnade Road",NULL,Nepean,57,"K2J 2W5",...,"2001-08-01 00:00:00"
541,"25981 College Street",NULL,Montreal,63,"H1Y 2H5",...,"2002-08-01 00:00:00"
542,"5 place Ville-Marie",NULL,Montreal,63,"H1Y 2H7",...,"2002-09-01 00:00:00"
543,"6030 Conroy Road",NULL,Ottawa,57,"K4B 1S3",...,"2002-09-01 00:00:00"
544,"30025 Wayburne Drive, Suite 275",NULL,Burnaby,7,"V5G 4W1",...,"2001-09-01 00:00:00"
545,"999 West Georgia St.",NULL,Vancouver,57,"V5T 1Y9",...,"2002-09-01 00:00:00"
546,"250333 Southport Road, S.W.",NULL,Calgary,1,"T2P 2G8",...,"2003-08-01 00:00:00"
547,"7000 Victoria Park Avenue",NULL,Toronto,57,"M4B 1V4",...,"2003-09-01 00:00:00"
548,"63 Free St.",NULL,Toronto,57,"M4B 1V4",...,"2001-09-01 00:00:00"
549,"609 Evans Avenue",NULL,Toronto,57,"M4B 1V4",...,"2002-09-01 00:00:00"
550,"2520 Flanders Road",NULL,Toronto,57,"M4B 1V4",...,"2002-08-01 00:00:00"
551,"32605 West 252 Mile Road, Suite 250",NULL,Aurora,57,"L4G 7N6",...,"2002-09-01 00:00:00"
552,"25730, boul. St-Régis",NULL,Dorval,63,"H9P 1H1",...,"2004-06-01 00:00:00"
553,"253131 Lake Frasier Drive, Office No. 2",NULL,Calgary,1,"T2P 2G8",...,"2001-08-01 00:00:00"
554,"9984 Wellington Street",NULL,Ottawa,57,"K4B 1S2",...,"2002-08-01 00:00:00"
555,"9950 Ferrand Drive, 9th Floor",NULL,Toronto,57,"M4B 1V4",...,"2001-09-01 00:00:00"
556,"990th Floor 700 De La GauchetiSre Ou",NULL,Montreal,63,"H1Y 2H3",...,"2001-07-01 00:00:00"
557,"660 Saint-Jacques, Bureau 400",NULL,Montreal,63,"H1Y 2H8",...,"2002-09-01 00:00:00"
558,"67255 - 8th Street N.E., Suite 350",NULL,Calgary,1,"T2P 2G8",...,"2002-12-01 00:00:00"
559,"12345 Sterling Avenue",NULL,Irving,73,75061,...,"2001-09-01 00:00:00"
560,"800 Interchange Blvd.","Suite 2501",Austin,73,78701,...,"2002-07-01 00:00:00"
561,"90025 Sterling St",NULL,Irving,73,75061,...,"2002-09-01 00:00:00"
562,"2505 Gateway Drive",NULL,"North Sioux City",68,57049,...,"2001-08-01 00:00:00"
563,"74400 France Avenue South",NULL,Edina,36,55436,...,"2002-09-01 00:00:00"
564,"509 Nafta Boulevard",NULL,Laredo,73,78040,...,"2001-08-01 00:00:00"
565,"25149 Howard Dr",NULL,"West Chicago",24,60185,...,"2001-09-01 00:00:00"
566,"63 W Monroe",NULL,Chicago,24,60610,...,"2001-11-01 00:00:00"
567,"Corporate Office",NULL,Garland,73,75040,...,"2001-09-01 00:00:00"
568,"25269 N. Wood Dale Rd",NULL,"Wood Dale",24,60191,...,"2001-09-01 00:00:00"
569,"Sapp Road West",NULL,"Round Rock",73,78664,...,"2001-09-01 00:00:00"
570,"52500 Liberty Way",NULL,"Fort Worth",73,76102,...,"2002-07-01 00:00:00"
571,"25550 Executive Dr",NULL,Elgin,24,60120,...,"2001-12-01 00:00:00"
572,"P.O. Box 6256916",NULL,Dallas,73,75201,...,"2003-09-01 00:00:00"
573,"25269 Wood Dale Rd.",NULL,"Wood Dale",24,60191,...,"2001-11-01 00:00:00"
574,"Po Box 8259024",NULL,Dallas,73,75201,...,"2002-09-01 00:00:00"
575,"42500 W 76th St",NULL,Chicago,24,60610,...,"2002-09-01 00:00:00"
576,"4255 East Lies Road",NULL,"Carol Stream",24,60188,...,"2001-11-01 00:00:00"
577,"2500 North Stemmons Freeway",NULL,Dallas,73,75201,...,"2002-09-01 00:00:00"
578,"220 Mercy Drive",NULL,Garland,73,75040,...,"2001-07-01 00:00:00"
579,"25 N State St",NULL,Chicago,24,60610,...,"2002-07-01 00:00:00"
580,"2509 W. Frankford",NULL,Carrollton,73,75006,...,"2002-07-01 00:00:00"
581,"Po Box 8035996",NULL,Dallas,73,75201,...,"2003-09-01 00:00:00"
582,"5700 Legacy Dr",NULL,Plano,73,75074,...,"2003-09-01 00:00:00"
583,"625 W Jackson Blvd. Unit 2502",NULL,Chicago,24,60610,...,"2003-03-01 00:00:00"
584,"250880 Baur Blvd",NULL,"Saint Louis",37,63103,...,"2003-07-01 00:00:00"
585,"Noah Lane",NULL,Chicago,24,60610,...,"2002-08-01 00:00:00"
586,"6030 Robinson Road",NULL,"Jefferson City",37,65101,...,"2001-09-01 00:00:00"
587,"25500 Old Spanish Trail",NULL,Houston,73,77003,...,"2001-08-01 00:00:00"
588,"99828 Routh Street, Suite 825",NULL,Dallas,73,75201,...,"2001-08-01 00:00:00"
589,"One Dancing, Rr No. 25","Box 8033","Round Rock",73,78664,...,"2001-09-01 00:00:00"
590,"9995 West Central Entrance",NULL,Duluth,36,55802,...,"2002-07-01 00:00:00"
591,"48255 I-10 E. @ Eastpoint Blvd.",NULL,Baytown,73,77520,...,"2002-09-01 00:00:00"
592,"9903 Highway 6 South",NULL,Houston,73,77003,...,"2001-07-01 00:00:00"
593,"2345 North Freeway",NULL,Houston,73,77003,...,"2001-08-01 00:00:00"
594,"123 W. Lake Ave.",NULL,Peoria,24,61606,...,"2002-08-01 00:00:00"
595,"660 Lindbergh",NULL,"Saint Louis",37,63103,...,"2002-09-01 00:00:00"
596,"72540 Blanco Rd.",NULL,"San Antonio",73,78204,...,"2001-08-01 00:00:00"
597,"99450 Highway 59 North",NULL,Humble,73,77338,...,"2002-08-01 00:00:00"
598,"455 256th St.",NULL,Moline,24,61265,...,"2001-08-01 00:00:00"
599,"70 N.W. Plaza",NULL,"Saint Ann",37,63074,...,"2003-08-01 00:00:00"
600,"25095 W. Florissant",NULL,Ferguson,37,63135,...,"2001-08-01 00:00:00"
601,"6996 South Lindbergh",NULL,"Saint Louis",37,63103,...,"2002-08-01 00:00:00"
602,"6425 Nw Loop 410",NULL,"San Antonio",73,78204,...,"2002-09-01 00:00:00"
603,"9500b E. Central Texas Expressway",NULL,Killeen,73,76541,...,"2003-08-01 00:00:00"
604,"1200 First Ave.",NULL,Joliet,24,60433,...,"2003-09-01 00:00:00"
605,"7760 N. Pan Am Expwy",NULL,"San Antonio",73,78204,...,"2001-09-01 00:00:00"
606,"99433 S. Greenbay Rd.",NULL,Racine,80,53182,...,"2001-09-01 00:00:00"
607,"25220 Airline Road",NULL,"Corpus Christi",73,78404,...,"2002-08-01 00:00:00"
608,"25306 Harvey Rd.",NULL,"College Station",73,77840,...,"2002-08-01 00:00:00"
609,"3900 S. 997th St.",NULL,Milwaukee,80,53202,...,"2001-09-01 00:00:00"
610,"44025 W. Empire",NULL,Denby,68,57716,...,"2003-09-01 00:00:00"
611,"23025 S.W. Military Rd.",NULL,"San Antonio",73,78204,...,"2001-08-01 00:00:00"
612,"Ring Plaza",NULL,Norridge,24,60706,...,"2002-09-01 00:00:00"
613,"Lakeline Mall",NULL,"Cedar Park",73,78613,...,"2002-09-01 00:00:00"
614,"Town East Center",NULL,Mesquite,73,75149,...,"2002-09-01 00:00:00"
615,"Fountains On The Lake",NULL,Stafford,73,77477,...,"2001-07-01 00:00:00"
616,"Southwest Outlet",NULL,Hillsboro,73,76645,...,"2001-07-01 00:00:00"
617,"Johnson Creek",NULL,"Johnson Creek",80,53038,...,"2003-06-01 00:00:00"
618,"Blue Ridge Mall",NULL,"Kansas City",37,64106,...,"2002-12-01 00:00:00"
619,"First Colony Mall",NULL,"Sugar Land",73,77478,...,"2001-12-01 00:00:00"
620,"Horizon Outlet",NULL,Woodbury,36,55125,...,"2001-09-01 00:00:00"
621,"Tanger Factory",NULL,Branch,36,55056,...,"2001-09-01 00:00:00"
622,"Management Mall",NULL,"San Antonio",73,78204,...,"2002-03-01 00:00:00"
623,"Ohms Road",NULL,Houston,73,77003,...,"2003-07-01 00:00:00"
624,"Factory Merchants",NULL,Branson,37,65616,...,"2003-02-01 00:00:00"
625,"Cedar Creek Stores",NULL,Mosinee,80,54455,...,"2003-08-01 00:00:00"
626,"Lone Star Factory",NULL,"La Marque",73,77568,...,"2003-08-01 00:00:00"
627,"Sports Stores @ Tuscola",NULL,Tuscola,24,61953,...,"2002-07-01 00:00:00"
628,"City Center",NULL,Minneapolis,36,55402,...,"2001-08-01 00:00:00"
629,"St. Louis Marketplace",NULL,"Saint Louis",37,63103,...,"2001-07-01 00:00:00"
630,"Lincoln Square",NULL,Arlington,73,76010,...,"2001-09-01 00:00:00"
631,"Kansas City Factory Outlet",NULL,Odessa,37,64076,...,"2001-07-01 00:00:00"
632,"Fiesta Trail Shopping Center",NULL,"San Antonio",73,78204,...,"2001-07-01 00:00:00"
633,"Medford Outlet Center",NULL,Medford,36,55049,...,"2002-08-01 00:00:00"
634,"Ward Parkway Center",NULL,"Kansas City",37,64106,...,"2002-09-01 00:00:00"
635,"93-2501, Blackfriars Road,",NULL,London,14,"SE1 8HL",...,"2002-09-01 00:00:00"
636,"Science Park South, Birchwood","Stanford House",Warrington,14,"WA3 7BH",...,"2003-07-01 00:00:00"
637,"Phoenix Way, Cirencester",NULL,Gloucestershire,14,"GL7 1RY",...,"2003-09-01 00:00:00"
638,"255 Irving Street",NULL,London,14,"C2H 7AU",...,"2003-08-01 00:00:00"
639,"Garamonde Drive, Wymbush","PO Box 4023","Milton Keynes",14,"MK8 8ZD",...,"2003-09-01 00:00:00"
640,"251 The Metro Center",NULL,Wokingham,14,"RG41 1QW",...,"2003-09-01 00:00:00"
641,Bradford,NULL,"W. York",14,"BD1 4SJ",...,"2002-08-01 00:00:00"
642,Galashiels,NULL,Scotland,14,"TD1 3HE",...,"2003-09-01 00:00:00"
643,Banbury,NULL,Oxon,14,"OX16 8RS",...,"2002-09-01 00:00:00"
644,Bradford,"Raven House, Kingsgate","W. York",14,"BD1 4SJ",...,"2003-08-01 00:00:00"
645,"Garamonde Drive, Wymbush","P.O. Box 803","Milton Keynes",14,"MK8 8ZD",...,"2003-07-01 00:00:00"
646,"Butterfield Hse, 7-251 Chapel St",NULL,Lancaster,14,"LA1 1LN",...,"2002-08-01 00:00:00"
647,"Wade Road",NULL,"Basingstoke Hants",14,"RG24 8PL",...,"2003-07-01 00:00:00"
648,"586 Fulham Road,",NULL,London,14,"SW6 SBY",...,"2003-08-01 00:00:00"
649,"Knaves Beech Ind.",NULL,"High Wycombe",14,"HP10 9QY",...,"2003-09-01 00:00:00"
650,"Elmhurst Road, Goring",NULL,Reading,14,"RG7 5H7",...,"2002-07-01 00:00:00"
651,"New Millhouse, 2583 Milton Park",NULL,Abingdon,14,"OX14 4SE",...,"2003-09-01 00:00:00"
652,Wymbush,NULL,"Milton Keynes",14,"MK8 8DF",...,"2002-09-01 00:00:00"
653,"Burgess Hill","Edward Way","West Sussex",14,"RH15 9UD",...,"2002-09-01 00:00:00"
654,"308-3250 Casting Road",NULL,York,14,"Y024 1GF",...,"2003-08-01 00:00:00"
655,"Wharfdale Road",NULL,Berkshire,14,"RG11 5TP",...,"2002-08-01 00:00:00"
656,"7 Pioneer Business Park",NULL,York,14,"Y03 4TN",...,"2003-08-01 00:00:00"
657,"Unit 99a Battery Retail Pk",NULL,Birmingham,14,"B29 6SL",...,"2002-08-01 00:00:00"
658,"Ellesfield Ave",NULL,Bracknell,14,"RG12 8TB",...,"2002-08-01 00:00:00"
659,"Warrington Ldc Unit 25/2",NULL,Woolston,14,"WA1 4SY",...,"2003-09-01 00:00:00"
660,"6 The Farm, Liberty Road",NULL,Maidenhead,14,SL67RJ,...,"2003-09-01 00:00:00"
661,"725a The Arches",NULL,Berks,14,"SL4 1RH",...,"2002-08-01 00:00:00"
662,"Paramount House",NULL,London,14,"W1N 9FA",...,"2002-09-01 00:00:00"
663,"2524 Barlby Road",NULL,London,14,"W10 6BL",...,"2003-08-01 00:00:00"
664,"99-3 Forest Works",NULL,London,14,"E17 6JF",...,"2002-07-01 00:00:00"
665,"46-44 Albemarle Street",NULL,London,14,W1X3SE,...,"2003-08-01 00:00:00"
666,"399 Clearing Green",NULL,London,14,"EC1R 0DU",...,"2002-08-01 00:00:00"
667,"997b Tradescant Road",NULL,London,14,"SW8 1XD",...,"2002-08-01 00:00:00"
668,"2574 Milton Park",NULL,Oxford,14,"OX14 4SE",...,"2003-08-01 00:00:00"
669,"Internet House, 3399 Science Park",NULL,Cambridge,14,"CB4 4BZ",...,"2002-12-01 00:00:00"
670,"7 Garden House Cloisters, 8 Batters",NULL,London,14,"SW8 4BG",...,"2002-07-01 00:00:00"
671,"25 Hartfield Road, Wimbledon",NULL,London,14,"SW19 3RU",...,"2004-02-01 00:00:00"
672,"99 Dean Street, Soho",NULL,London,14,"W1V 5RN",...,"2002-09-01 00:00:00"
673,"Park House-4th Floor, 2516 Park St.",NULL,London,14,"W1Y 3RA",...,"2002-08-01 00:00:00"
674,"67 Vincent Square, Victoria",NULL,London,14,"SW1P 2NU",...,"2003-09-01 00:00:00"
675,"7033, rue de Longchamp",NULL,"Les Ulis",177,91940,...,"2004-01-22 10:09:29"
676,"21105, rue de Varenne",NULL,Paris,161,75013,...,"2004-01-22 10:09:29"
677,"69, boulevard Tremblay",NULL,Roncq,145,59223,...,"2004-01-22 10:09:29"
678,"12, rue des Grands Champs",NULL,"Verrieres Le Buisson",177,91370,...,"2004-01-22 10:09:29"
679,"121, rue de Varenne",NULL,Courbevoie,178,92400,...,"2004-01-22 10:09:29"
680,"22, rue du Départ",NULL,Pantin,179,93500,...,"2004-01-22 10:09:29"
681,"6, rue des Pyrenees",NULL,"Saint Ouen",127,41100,...,"2004-01-22 10:09:29"
682,"5, place de la Concorde",NULL,Colombes,178,92700,...,"2004-01-22 10:09:29"
683,"36, avenue de la Gare",NULL,Paris,161,75019,...,"2004-01-22 10:09:29"
684,"26, rue Saint Denis",NULL,Orleans,131,45000,...,"2004-01-22 10:09:29"
685,"68081, place du Tertre",NULL,Colomiers,117,31770,...,"2004-01-22 10:09:29"
686,"98, rue de Terre Neuve",NULL,Lieusaint,163,77127,...,"2004-01-22 10:09:29"
687,"21801, rue Léo Delibes",NULL,Colombes,178,92700,...,"2004-01-22 10:09:29"
688,"2111, rue de Linois",NULL,Orly,180,94310,...,"2004-01-22 10:09:29"
689,"39, route de Marseille",NULL,Paris,161,75016,...,"2004-01-22 10:09:29"
690,"57, rue des Vendangeurs",NULL,"Roissy en Brie",163,77680,...,"2004-01-22 10:09:29"
691,"98, rue Montcalm",NULL,Paris,161,75019,...,"2004-01-22 10:09:29"
692,"3387, rue Marbeuf",NULL,Bobigny,179,93000,...,"2004-01-22 10:09:29"
693,"39, avenue des Laurentides",NULL,"Paris La Defense",178,92081,...,"2004-01-22 10:09:29"
694,"3101, avenue de Malakoff",NULL,Paris,161,75003,...,"2004-01-22 10:09:29"
695,"61, rue Henri Gagnon",NULL,"Les Ulis",177,91940,...,"2004-01-22 10:09:29"
696,"9005, rue des Bouchers",NULL,Paris,161,75005,...,"2004-01-22 10:09:29"
697,"18, rue de l´Esplanade",NULL,"Aujan Mournede",118,32300,...,"2004-01-22 10:09:29"
698,"7551, avenue Foch",NULL,Paris,161,75010,...,"2004-01-22 10:09:29"
699,"22, rue Lafayette",NULL,Pantin,179,93500,...,"2004-01-22 10:09:29"
700,"215, avenue Reille",NULL,"Les Ulis",177,91940,...,"2004-01-22 10:09:29"
701,"54, avenue des Ternes",NULL,"Saint Ouen",127,41100,...,"2004-01-22 10:09:29"
702,"510, avenue de Villiers",NULL,Orleans,131,45000,...,"2004-01-22 10:09:29"
703,"30, avenue de l´ Union Centrale",NULL,"Les Ulis",177,91940,...,"2004-01-22 10:09:29"
704,"33, rue Georges-Clémenceau",NULL,Cergy,181,95000,...,"2004-01-22 10:09:29"
705,"699bis, rue des Peupliers",NULL,Paris,161,75008,...,"2004-01-22 10:09:29"
706,"3639, rue des Grands Champs",NULL,Boulogne-sur-Mer,148,62200,...,"2004-01-22 10:09:29"
707,"3833, boulevard Beau Marchais",NULL,Paris,161,75009,...,"2004-01-22 10:09:29"
708,"1, place de la République",NULL,Paris,161,75017,...,"2004-01-22 10:09:29"
709,"12, rue Lafayette",NULL,Morangis,177,91420,...,"2004-01-22 10:09:29"
710,"88, avenue de l´ Union Centrale",NULL,Paris,161,75012,...,"2004-01-22 10:09:29"
711,"3383, rue Lamarck",NULL,Paris,161,75007,...,"2004-01-22 10:09:29"
712,"28, avenue des Champs-Elysées",NULL,Croix,145,59170,...,"2004-01-22 10:09:29"
713,"21, avenue de la Gare",NULL,Sèvres,178,92310,...,"2004-01-22 10:09:29"
714,"62, route de Marseille",NULL,Suresnes,178,92150,...,"2004-01-22 10:09:29"
715,"Karl Liebknecht str 299",NULL,"Frankfurt am Main",70,60075,...,"2003-09-01 00:00:00"
716,"Roßstr 2248",NULL,Stuttgart,70,70511,...,"2003-08-01 00:00:00"
717,"Bundesallee 9571","Rechnungsstelle - C 035",Berlin,85,14197,...,"2003-10-01 00:00:00"
718,"Auf Der Steige 29",NULL,Muehlheim,20,63151,...,"2003-08-01 00:00:00"
719,"Hellweg 4934",NULL,Essen,20,45001,...,"2003-07-01 00:00:00"
720,"Kurfürstenstr 9",NULL,Duesseldorf,19,40605,...,"2003-09-01 00:00:00"
721,"Postfach 11 09 00",NULL,Berlin,19,14111,...,"2003-09-01 00:00:00"
722,"Haberstr 29",NULL,Bonn,20,53131,...,"2002-07-01 00:00:00"
723,"Auf der Krone 53",NULL,Bonn,53,53131,...,"2002-08-01 00:00:00"
724,"Winterfeldtstr 5557",Kreditorenbuchhaltung,Münster,70,48001,...,"2003-09-01 00:00:00"
725,"Alte Landstr 776",NULL,München,20,80074,...,"2003-08-01 00:00:00"
726,"Kurfürstenstr 574",NULL,München,19,80074,...,"2003-09-01 00:00:00"
727,"Königsteiner Straße 9",NULL,"Bad Soden",19,65800,...,"2003-08-01 00:00:00"
728,"Werftstr 4400",NULL,"Sulzbach Taunus",70,66272,...,"2003-10-01 00:00:00"
729,"Hans-Rosenthal-Platz 4223",NULL,Grevenbroich,8,41485,...,"2003-08-01 00:00:00"
730,"Nonnendamm 63",NULL,Berlin,53,14197,...,"2003-09-01 00:00:00"
731,"Berliner Platz 45",NULL,Offenbach,70,63009,...,"2003-07-01 00:00:00"
732,"Brunnenstr 422",NULL,"Frankfurt am Main",20,60082,...,"2003-07-01 00:00:00"
733,"Rotthäuser Weg 511",NULL,Stuttgart,70,70511,...,"2003-09-01 00:00:00"
734,"Am Karlshof 8200",NULL,Hamburg,19,22001,...,"2002-07-01 00:00:00"
735,"Holzstr 6444",NULL,Salzgitter,19,38231,...,"2003-09-01 00:00:00"
736,"Am Grossen Dern 982",NULL,Hamburg,20,20354,...,"2003-07-01 00:00:00"
737,"Conesweg 49",NULL,Kiel,70,24044,...,"2003-08-01 00:00:00"
738,"Krönerweg 9249",NULL,Hannover,53,30601,...,"2003-09-01 00:00:00"
739,"Auf Der Steige 1000",NULL,Berlin,20,14111,...,"2003-08-01 00:00:00"
740,"Wallstr 244",NULL,Saarbrücken,70,66001,...,"2003-09-01 00:00:00"
741,"Roßstr 9938",Verkaufsabteilung,Eilenburg,85,04838,...,"2003-07-01 00:00:00"
742,"Pappelallee 19",NULL,Dresden,19,01071,...,"2002-09-01 00:00:00"
743,"Karl Liebknecht str 399","Leiter der Abteilung",Berlin,19,14111,...,"2003-12-01 00:00:00"
744,"Brunnenstr 9511",NULL,Berlin,70,14197,...,"2003-09-01 00:00:00"
745,"Knaackstr 7",NULL,Paderborn,20,33041,...,"2003-08-01 00:00:00"
746,"Alderstr 1849",NULL,Braunschweig,53,38001,...,"2003-07-01 00:00:00"
747,"Kurfürstenstr 74",NULL,Poing,70,66041,...,"2003-07-01 00:00:00"
748,"Königsteiner Straße 449",NULL,Leipzig,53,04139,...,"2003-08-01 00:00:00"
749,"Buergermeister-ulrich-str 3000",Buchhaltung,Augsburg,8,86150,...,"2003-09-01 00:00:00"
750,"Postfach 55 00 00",NULL,Frankfurt,8,91480,...,"2003-07-01 00:00:00"
751,"Helsenbergbogen 6",NULL,Ascheim,20,86171,...,"2003-08-01 00:00:00"
752,"Buergermeister-ulrich-str 9500",NULL,Augsburg,20,86171,...,"2003-08-01 00:00:00"
753,"Erftplatz 22",NULL,"Sulzbach Taunus",70,66272,...,"2003-08-01 00:00:00"
754,"Viktoria-Luise-Platz 475",NULL,München,53,80074,...,"2003-08-01 00:00:00"
755,"9920 Picketts Line Road",NULL,"Newport News",75,23607,...,"2001-07-01 00:00:00"
756,"855 East Main Avenue",NULL,Zeeland,35,49464,...,"2001-08-01 00:00:00"
757,"2532 Fairgrounds Road",NULL,"West Kingston",65,02892,...,"2003-07-01 00:00:00"
758,"6900 William Richardson Ct.",NULL,"South Bend",25,46601,...,"2001-08-01 00:00:00"
759,"99 Edgewater Drive",NULL,Norwood,30,02062,...,"2003-09-01 00:00:00"
760,"Attn: Accounts Payable","44 Main Place",Melville,54,11747,...,"2001-09-01 00:00:00"
761,"225 Hyde Rd",NULL,Farmington,11,06032,...,"2003-08-01 00:00:00"
762,"6 Cotton Road",NULL,Nashua,46,03064,...,"2002-09-01 00:00:00"
763,"5998 E Lorain",NULL,Oberlin,55,44074,...,"2002-08-01 00:00:00"
764,"Corporate Ofc A/p","123 Fourth Ave",Chantilly,75,20151,...,"2002-09-01 00:00:00"
765,"58 Teed Drive",NULL,Randolph,30,02368,...,"2001-08-01 00:00:00"
766,"63 Badgers Island West",NULL,Kittery,33,03904,...,"2002-08-01 00:00:00"
767,"9963 Tresser Blvd.",NULL,Stamford,11,06901,...,"2002-07-01 00:00:00"
768,"P.O. Box 9005",NULL,Endicott,54,13760,...,"2001-12-01 00:00:00"
769,"Saltonstall Parkway",NULL,"East Haven",11,06512,...,"2001-09-01 00:00:00"
770,"123 Union Square South",NULL,"New York",54,10007,...,"2001-08-01 00:00:00"
771,"42522 Northrupp",NULL,"Fort Wayne",25,46807,...,"2001-07-01 00:00:00"
772,"675 East Ave.",NULL,Warwick,65,02889,...,"2001-11-01 00:00:00"
773,"77993 Mentor Ave.",NULL,Mentor,55,44060,...,"2003-09-01 00:00:00"
774,"9920 North Telegraph Rd.",NULL,Pontiac,35,48342,...,"2001-09-01 00:00:00"
775,"46460 West Oaks Drive",NULL,Novi,35,48375,...,"2002-09-01 00:00:00"
776,"997000 Telegraph Rd.",NULL,Southfield,35,48034,...,"2001-11-01 00:00:00"
777,"25850 Post Road",NULL,Westport,11,06880,...,"2001-10-01 00:00:00"
778,"9975 Union St.",NULL,Waterbury,11,06710,...,"2001-09-01 00:00:00"
779,"7505 Commercial Dr.",NULL,"New Hartford",54,13413,...,"2002-08-01 00:00:00"
780,"89950 Castleton Corner",NULL,Indianapolis,25,46204,...,"2002-07-01 00:00:00"
781,"99200 Dixwell Ave.",NULL,Hamden,11,06518,...,"2003-08-01 00:00:00"
782,"630 Oldgate Lane",NULL,Milford,11,06460,...,"2001-10-01 00:00:00"
783,"25264 E. 260th",NULL,Euclid,55,44119,...,"2001-07-01 00:00:00"
784,"225200 Miles Ave.",NULL,"North Randall",55,44128,...,"2001-08-01 00:00:00"
785,"399700 John R. Rd.",NULL,"Madison Heights",35,48071,...,"2001-08-01 00:00:00"
786,"6789 Warren Road",NULL,Westland,35,48185,...,"2002-12-01 00:00:00"
787,"42500 South Franklin Street",NULL,"Michigan City",25,46360,...,"2003-07-01 00:00:00"
788,"2533 Eureka Rd.",NULL,Southgate,35,48195,...,"2002-09-01 00:00:00"
789,"250000 Eight Mile Road",NULL,Detroit,35,48226,...,"2002-08-01 00:00:00"
790,"6405 Erie Blvd. Hills Plaza",NULL,"De Witt",54,13214,...,"2002-08-01 00:00:00"
791,"Great Northern Mall Hwy4 & Rt. 31",NULL,Clay,54,13041,...,"2002-09-01 00:00:00"
792,"250 E. County Line Rd.",NULL,Indianapolis,25,46204,...,"2001-08-01 00:00:00"
793,"6225 Glenway Ave.",NULL,Cincinnati,55,45202,...,"2002-08-01 00:00:00"
794,"998 Forest Road",NULL,Saginaw,35,48601,...,"2003-08-01 00:00:00"
795,"99800 Tittabawasee Rd.",NULL,Saginaw,35,48601,...,"2002-08-01 00:00:00"
796,"25192 Princeton Rd.",NULL,Springdale,55,45246,...,"2003-08-01 00:00:00"
797,"678 Eastman Ave.",NULL,Midland,35,48640,...,"2002-09-01 00:00:00"
798,"New Castle Plaza",NULL,"New Castle",25,47362,...,"2002-08-01 00:00:00"
799,"Woodbury Commons",NULL,"Central Valley",54,10917,...,"2002-08-01 00:00:00"
800,"Indiana Factory Shops",NULL,Daleville,25,47334,...,"2002-07-01 00:00:00"
801,"Horizon Outlet Center",NULL,Holland,35,49423,...,"2001-07-01 00:00:00"
802,"Washington Square Ii",NULL,Indianapolis,25,46204,...,"2001-08-01 00:00:00"
803,"Regency Hilltop Shopping Cntr",NULL,"Virginia Beach",75,23451,...,"2002-08-01 00:00:00"
804,"Ames Plaza",NULL,Saugus,30,01906,...,"2002-08-01 00:00:00"
805,"The Corner Shopping Center",NULL,"Falls Church",75,22046,...,"2003-12-01 00:00:00"
806,"Horizon Outlet Center",NULL,Monroe,35,98272,...,"2002-08-01 00:00:00"
807,"Leesburg Premium Outlet Centre",NULL,Leesburg,75,20176,...,"2001-07-01 00:00:00"
808,"Tree Plaza",NULL,Braintree,30,02184,...,"2001-07-01 00:00:00"
809,"Granite State Marketplace",NULL,Hooksett,46,03106,...,"2001-09-01 00:00:00"
810,"Redford Plaza",NULL,Redford,35,48239,...,"2001-07-01 00:00:00"
811,"Walnut Hill Plaza",NULL,Woonsocket,65,02895,...,"2003-08-01 00:00:00"
812,"Consumer Square",NULL,Cheektowaga,54,14227,...,"2003-08-01 00:00:00"
813,"Adirondack Factory Outlet",NULL,"Lake George",54,12845,...,"2003-09-01 00:00:00"
814,"Buckeye Factory Shops",NULL,Burbank,55,44214,...,"2002-08-01 00:00:00"
815,"Wrentham Village",NULL,Wrentham,30,02093,...,"2003-09-01 00:00:00"
816,"Lake Region Factory Outlet",NULL,Tilton,46,03276,...,"2001-08-01 00:00:00"
817,"Cherry Grove Plaza",NULL,Cincinnati,55,45202,...,"2001-09-01 00:00:00"
818,"Johnny Appleseed Shop.center",NULL,Mansfield,55,44903,...,"2001-09-01 00:00:00"
819,"Spring Meadows Place",NULL,Holland,55,43528,...,"2003-11-01 00:00:00"
820,"Westside Plaza",NULL,Nashua,46,03064,...,"2002-07-01 00:00:00"
821,"Stateline Plaza",NULL,Plaistow,46,03865,...,"2001-07-01 00:00:00"
822,"Pyramid Mall",NULL,Ithaca,54,14850,...,"2001-07-01 00:00:00"
823,"Logansport Mall",NULL,Logansport,25,46947,...,"2002-09-01 00:00:00"
824,"Dansk Square",NULL,Kittery,33,03904,...,"2002-08-01 00:00:00"
825,"Port Huron",NULL,"Port Huron",35,48060,...,"2001-10-01 00:00:00"
826,"Kensington Valley Shops",NULL,Howell,35,48843,...,"2002-07-01 00:00:00"
827,"Polaris Town Center",NULL,Columbus,55,43215,...,"2002-08-01 00:00:00"
828,"Green Acres Mall",NULL,"Valley Stream",54,11580,...,"2002-08-01 00:00:00"
829,"Connecticut Post Mall",NULL,Milford,11,06460,...,"2001-08-01 00:00:00"
830,"Indian Mound Mall",NULL,Heath,55,43056,...,"2002-12-01 00:00:00"
831,"Amity Plaza",NULL,"New Haven",11,06510,...,"2003-07-01 00:00:00"
832,"2251 Elliot Avenue",NULL,Seattle,79,98104,...,"2001-08-01 00:00:00"
833,"3207 S Grady Way",NULL,Renton,79,98055,...,"2002-08-01 00:00:00"
834,"99300 223rd Southeast",NULL,Bothell,79,98011,...,"2003-04-01 00:00:00"
835,"259826 Russell Rd. South",NULL,Kent,79,98031,...,"2001-09-01 00:00:00"
836,"35525-9th Street Sw",NULL,Puyallup,79,98371,...,"2002-09-01 00:00:00"
837,"640 South 994th St. W.",NULL,Billings,40,59101,...,"2003-09-01 00:00:00"
838,"25300 Biddle Road",NULL,Medford,58,97504,...,"2003-09-01 00:00:00"
839,Gateway,NULL,Portland,58,97205,...,"2002-08-01 00:00:00"
840,"Great Northwestern",NULL,"North Bend",79,98045,...,"2001-08-01 00:00:00"
841,"Washington Square",NULL,Portland,58,97205,...,"2001-11-01 00:00:00"
842,"258101 Nw Evergreen Parkway",NULL,Beaverton,58,97005,...,"2001-09-01 00:00:00"
843,"253950 N.E. 178th Place",NULL,Woodinville,79,98072,...,"2001-09-01 00:00:00"
844,"755 Nw Grandstand",NULL,Issaquah,79,98027,...,"2003-09-01 00:00:00"
845,"22571 South 2500 East",NULL,"Idaho Falls",23,83402,...,"2003-07-01 00:00:00"
846,"257700 Ne 76th Street",NULL,Redmond,79,98052,...,"2002-08-01 00:00:00"
847,"25102 Springwater",NULL,Wenatchee,79,98801,...,"2002-06-01 00:00:00"
848,"Bldg. 9n/99298",NULL,Redmond,79,98052,...,"2001-08-01 00:00:00"
849,"4251 First Avenue",NULL,Seattle,79,98104,...,"2001-07-01 00:00:00"
850,"558 S 6th St",NULL,"Klamath Falls",58,97601,...,"2003-09-01 00:00:00"
851,"994 Sw Cherry Park Rd",NULL,Troutdale,58,97060,...,"2001-08-01 00:00:00"
852,"25718 Se Sunnyside Rd",NULL,Clackamas,58,97015-6403,...,"2003-08-01 00:00:00"
853,"567 Sw Mcloughlin Blvd",NULL,Milwaukie,58,97222,...,"2003-09-01 00:00:00"
854,"490 Ne 4th St",NULL,Renton,79,98055,...,"2003-08-01 00:00:00"
855,"15 East Main",NULL,"Port Orchard",79,98366,...,"2001-07-01 00:00:00"
856,"3025 E Waterway Blvd",NULL,Shelton,79,98584,...,"2002-11-01 00:00:00"
857,"7990 Ocean Beach Hwy.",NULL,Longview,79,98632,...,"2001-08-01 00:00:00"
858,"2345 West Spencer Road",NULL,Lynnwood,79,98036,...,"2002-09-01 00:00:00"
859,"1050 Oak Street",NULL,Seattle,79,98104,...,"2002-08-01 00:00:00"
860,"4927 S Meridian Ave Ste D",NULL,Puyallup,79,98371,...,"2002-07-01 00:00:00"
861,"25915 140th Ave Ne",NULL,Bellevue,79,98004,...,"2002-09-01 00:00:00"
862,"3307 Evergreen Blvd","Ste 1071",Washougal,79,98671,...,"2001-11-01 00:00:00"
863,"2507 Pacific Ave S",NULL,Tacoma,79,98403,...,"2001-09-01 00:00:00"
864,"67 Rainer Ave S",NULL,Renton,79,98055,...,"2001-08-01 00:00:00"
865,"750 Lakeway Dr",NULL,Bellingham,79,98225,...,"2002-07-01 00:00:00"
866,"2528 Meridian E",NULL,Puyallup,79,98371,...,"2003-08-01 00:00:00"
867,"48995 Evergreen Wy.",NULL,Everett,79,98201,...,"2003-09-01 00:00:00"
868,"25111 228th St Sw",NULL,Bothell,79,98011,...,"2002-07-01 00:00:00"
869,"2583 Se 272nd St",NULL,Kent,79,98031,...,"2001-08-01 00:00:00"
870,"409 S. Main Ste. 25",NULL,Ellensburg,79,98926,...,"2002-08-01 00:00:00"
871,"2502 Evergreen Ste E",NULL,Everett,79,98201,...,"2001-07-01 00:00:00"
872,"755 W Washington Ave Ste D",NULL,Sequim,79,98382,...,"2003-08-01 00:00:00"
873,"44606 N Division St",NULL,Spokane,79,99202,...,"2003-08-01 00:00:00"
874,"2550 Ne Sandy Blvd",NULL,Portland,58,97205,...,"2002-09-01 00:00:00"
875,"2540 Dell Range Blvd",NULL,Cheyenne,82,82001,...,"2002-07-01 00:00:00"
876,"765 Delridge Way Sw",NULL,Seattle,79,98104,...,"2001-07-01 00:00:00"
877,"4781 Highway 95",NULL,Sandpoint,23,83864,...,"2002-07-01 00:00:00"
878,"4210 E Sprague Ave",NULL,Spokane,79,99202,...,"2002-07-01 00:00:00"
879,"Valley Mall",NULL,"Union Gap",79,98903,...,"2002-07-01 00:00:00"
880,"S Sound Ctr Suite 25300",NULL,Lacey,79,98503,...,"2001-08-01 00:00:00"
881,"Southgate Mall",NULL,Missoula,40,59801,...,"2002-10-01 00:00:00"
882,Medford,NULL,Medford,58,97504,...,"2003-07-01 00:00:00"
883,"Heritage Mall",NULL,Albany,58,97321,...,"2003-07-01 00:00:00"
884,"Lewis County Mall",NULL,Chehalis,79,98532,...,"2001-08-01 00:00:00"
885,"755 Columbia Ctr Blvd",NULL,Kennewick,79,99337,...,"2003-09-01 00:00:00"
886,"Lancaster Mall",NULL,Salem,58,97301,...,"2002-08-01 00:00:00"
887,"Lewiston Mall",NULL,Lewiston,23,83501,...,"2002-09-01 00:00:00"
888,"Three Rivers Mall",NULL,Kelso,79,98626,...,"2003-07-01 00:00:00"
889,"Eastridge Mall",NULL,Casper,82,82601,...,"2001-07-01 00:00:00"
890,"Holiday Village Mall",NULL,"Great Falls",40,59401,...,"2001-11-01 00:00:00"
891,"2526a Tri-Lake Blvd Ne",NULL,Kirkland,79,98033,...,"2001-12-01 00:00:00"
892,"Frontier Mall",NULL,Cheyenne,82,82001,...,"2001-08-01 00:00:00"
893,"White Mountain Mall",NULL,"Rock Springs",82,82901,...,"2003-07-01 00:00:00"
894,"3390 South 23rd St.",NULL,Tacoma,79,98403,...,"2002-01-01 00:00:00"
895,"3250 South Meridian",NULL,Puyallup,79,98371,...,"2001-07-01 00:00:00"
896,"2255 254th Avenue Se",NULL,Albany,58,97321,...,"2003-09-01 00:00:00"
897,"705 SE Mall Parkway",NULL,Everett,79,98201,...,"2002-08-01 00:00:00"
898,"700 Se Sunnyside Road",NULL,Clackamas,58,97015,...,"2003-09-01 00:00:00"
899,"North 93270 Newport Highway",NULL,Spokane,79,99202,...,"2003-08-01 00:00:00"
900,"25708 Dell Range Blvd.",NULL,Cheyenne,82,82001,...,"2001-07-01 00:00:00"
901,"No. 60 Bellis Fair Parkway",NULL,Bellingham,79,98225,...,"2003-09-01 00:00:00"
902,"950 Gateway Street",NULL,Springfield,58,97477,...,"2002-09-01 00:00:00"
903,"250775 SW Hillsdale Hwy",NULL,Beaverton,58,97005,...,"2002-08-01 00:00:00"
904,"9905 Three Rivers Drive",NULL,Kelso,79,98626,...,"2002-07-01 00:00:00"
905,"225 South 314th Street",NULL,"Federal Way",79,98003,...,"2002-11-01 00:00:00"
906,"7009 Sw Hall Blvd.",NULL,Tigard,58,97223,...,"2002-09-01 00:00:00"
907,"99295 S.e. Tualatin Valley_hwy.",NULL,Hillsboro,58,97123,...,"2003-08-01 00:00:00"
908,"79945 Corporate Center Drive",NULL,Miami,15,33127,...,"2003-08-01 00:00:00"
909,"3333 Micro Drive",NULL,Millington,72,38054,...,"2002-11-01 00:00:00"
910,"1 Corporate Center Drive",NULL,Miami,15,33127,...,"2001-12-01 00:00:00"
911,"100 Fifth Drive",NULL,Millington,72,38054,...,"2001-07-01 00:00:00"
912,"2525 Electrics Blvd.",NULL,Huntsville,3,35801,...,"2003-09-01 00:00:00"
913,"2550 High Street",NULL,"La Vergne",72,37086,...,"2001-08-01 00:00:00"
914,"Po Box 08050",NULL,Nashville,72,37203,...,"2002-08-01 00:00:00"
915,"Po Box 2257",NULL,Greensboro,42,27412,...,"2001-08-01 00:00:00"
916,"One Equinox Way",NULL,Sunrise,15,33322,...,"2003-08-01 00:00:00"
917,"2561 Nw 8410th Avenue",NULL,Miami,15,33127,...,"2002-07-01 00:00:00"
918,"8525 Nw 17th St.",NULL,Miami,15,33127,...,"2002-09-01 00:00:00"
919,"9876 Fruitville Rd",NULL,Sarasota,15,34236,...,"2001-08-01 00:00:00"
920,"42500 West Park Drive",NULL,Atlanta,17,30308,...,"2001-09-01 00:00:00"
921,"6055 Shawnee Industrial Way",NULL,Suwanee,17,30024,...,"2001-07-01 00:00:00"
922,"Tom Morris",NULL,Millington,72,38054,...,"2003-08-01 00:00:00"
923,"C/O Arrow Electronics",NULL,Memphis,72,38103,...,"2002-08-01 00:00:00"
924,"Park North Business Center",NULL,Clarkston,17,30021,...,"2002-08-01 00:00:00"
925,"23456 Calumet St",NULL,Clearwater,15,33755,...,"2003-10-01 00:00:00"
926,"6555 Quince Road, Suite 2025",NULL,Memphis,72,38103,...,"2001-09-01 00:00:00"
927,"2025 Greenwood Ct",NULL,Mcdonough,17,30253,...,"2003-09-01 00:00:00"
928,"83995 South Dixie Highway",NULL,Miami,15,33127,...,"2001-09-01 00:00:00"
929,"39950 Airport Blvd.",NULL,Mobile,3,36602,...,"2001-09-01 00:00:00"
930,"3990 Silas Creek Parkway",NULL,Winston-Salem,42,27104,...,"2001-08-01 00:00:00"
931,"956k North Wesleyan Blvd.",NULL,"Rocky Mount",42,27803,...,"2002-08-01 00:00:00"
932,"656 Cox Creek Pkwy.",NULL,Florence,3,35630,...,"2002-08-01 00:00:00"
933,"25050 S. Columbia Ave",NULL,Campbellsville,27,42718,...,"2002-09-01 00:00:00"
934,"2545 N.W. 107th Ave.",NULL,Miami,15,33127,...,"2002-07-01 00:00:00"
935,"8789 S.W. 2517 Ave.",NULL,Kendall,15,33143,...,"2003-06-01 00:00:00"
936,"825 Coral Way",NULL,Miami,15,33127,...,"2003-08-01 00:00:00"
937,"650 E Altamonte Dr",NULL,"Altamonte Springs",15,32701,...,"2003-08-01 00:00:00"
938,"25631 Florida Mall Ave.",NULL,Orlando,15,32804,...,"2001-08-01 00:00:00"
939,"770 South Point Dr",NULL,Memphis,72,38103,...,"2001-09-01 00:00:00"
940,"7725 Luddington Lane",NULL,Birmingham,3,35203,...,"2002-08-01 00:00:00"
941,"790 Shelbyville Road",NULL,"Saint Matthews",27,40207,...,"2003-09-01 00:00:00"
942,"4496 Barnes Crossing Rd.",NULL,Tupelo,39,38804,...,"2002-06-01 00:00:00"
943,"78025 E. Mercy Island Cswy",NULL,"Merritt Island",15,32952,...,"2001-07-01 00:00:00"
944,"574 Atlanta Highway",NULL,Montgomery,3,36104,...,"2003-07-01 00:00:00"
945,"5230a Hwy. 2553",NULL,Hixson,72,37343,...,"2003-07-01 00:00:00"
946,"25800 Gallitin Rd.",NULL,Nashville,72,37203,...,"2002-11-01 00:00:00"
947,"830 Highway 499 So",NULL,Mcdonough,17,30253,...,"2003-09-01 00:00:00"
948,"99842 White Mill East",NULL,Decatur,17,30030,...,"2001-09-01 00:00:00"
949,"Turfway Retail Center",NULL,Florence,27,41042,...,"2001-09-01 00:00:00"
950,"25 Myrtle Beach",NULL,"Myrtle Beach",67,29577,...,"2001-09-01 00:00:00"
951,"Parkway City Mall",NULL,Huntsville,3,35801,...,"2002-07-01 00:00:00"
952,"Factory Stores Of America",NULL,Crossville,72,38555,...,"2002-07-01 00:00:00"
953,"Fort Henry Mall",NULL,Kingsport,72,37660,...,"2002-07-01 00:00:00"
954,"Carolina Factory Shops",NULL,Gaffney,67,29340,...,"2001-08-01 00:00:00"
955,"Edgewater Mall",NULL,Biloxi,39,39530,...,"2001-07-01 00:00:00"
956,"Highland Lakes Shopping Ctr.",NULL,Orlando,15,32804,...,"2002-07-01 00:00:00"
957,"Grand Central Place",NULL,Somerset,27,42501,...,"2003-08-01 00:00:00"
958,"Silver Sands Factory Outlet",NULL,Destin,15,32541,...,"2001-07-01 00:00:00"
959,"West Georgia Commons",NULL,"La Grange",17,30240,...,"2003-10-01 00:00:00"
960,"Peachtree Mall",NULL,Columbus,17,31901,...,"2002-08-01 00:00:00"
961,"University Plaza",NULL,Tampa,15,33602,...,"2003-09-01 00:00:00"
962,"Flagler Park Plaza",NULL,Miami,15,33127,...,"2002-07-01 00:00:00"
963,"Market Square Shopping Center",NULL,Lakeland,15,33801,...,"2001-11-01 00:00:00"
964,"Fsa Outlet Center",NULL,Nashville,72,37203,...,"2002-08-01 00:00:00"
965,"Newport Shopping Center",NULL,Newport,27,41071,...,"2002-08-01 00:00:00"
966,"Factory Stores Of America",NULL,Smithfield,42,27577,...,"2002-08-01 00:00:00"
967,"Peach Festival Outlet",NULL,Byron,17,31008,...,"2001-12-01 00:00:00"
968,"Belz Factory Outlet",NULL,Orlando,15,32804,...,"2002-07-01 00:00:00"
969,"Horizon Outlet Center",NULL,"Vero Beach",15,32960,...,"2001-11-01 00:00:00"
970,"Hilton Head Factory Outlets No. 25",NULL,Bluffton,67,29910,...,"2001-08-01 00:00:00"
971,"Bay Area Outlet Mall",NULL,Clearwater,15,33755,...,"2001-07-01 00:00:00"
972,"Gulfport Factory Shops",NULL,Gulfport,39,39501,...,"2001-08-01 00:00:00"
973,"Belz Factory Outlet",NULL,"Pigeon Forge",72,37863,...,"2001-09-01 00:00:00"
974,"Savannah Festival Outlet",NULL,Savannah,17,31401,...,"2001-08-01 00:00:00"
975,"Mall Of Memphis",NULL,Memphis,72,38103,...,"2001-09-01 00:00:00"
976,"Foothills Mall",NULL,Maryville,72,37801,...,"2001-09-01 00:00:00"
977,"Dadeland Mall, Space 25090",NULL,Miami,15,33127,...,"2001-07-01 00:00:00"
978,"DeSouth Square",NULL,Bradenton,15,34205,...,"2003-09-01 00:00:00"
979,"32525 Hollywood Blvd.",NULL,Hollywood,15,33021,...,"2001-08-01 00:00:00"
980,"7700 Green Road",NULL,Raleigh,42,27603,...,"2003-09-01 00:00:00"
981,"20500 S.W. 2512th Ave",NULL,Miami,15,33127,...,"2002-07-01 00:00:00"
982,"9935 Robert C Daniel Jr Parkway",NULL,Augusta,17,30901,...,"2002-09-01 00:00:00"
983,"99535 Dallas Highway",NULL,Marietta,17,30060,...,"2002-09-01 00:00:00"
984,"254075 Biscayne Blvd.",NULL,"North Miami Beach",15,33162,...,"2001-09-01 00:00:00"
985,"42525 Austell Road",NULL,Austell,17,30106,...,"2001-07-01 00:00:00"
986,"6333 Cloverleaf Parkway",NULL,Kannapolis,42,28081,...,"2004-03-01 00:00:00"
987,"8520 University City Blvd",NULL,Charlotte,42,28202,...,"2003-08-01 00:00:00"
988,"482505 Warm Springs Blvd.",NULL,Fremont,9,94536,...,"2002-09-01 00:00:00"
989,"39933 Mission Oaks Blvd",NULL,Camarillo,9,93010,...,"2003-09-01 00:00:00"
990,"5420 West 22500 South",NULL,"Salt Lake City",74,84101,...,"2002-07-01 00:00:00"
991,"60025 Bollinger Canyon Road",NULL,"San Ramon",9,94583,...,"2002-09-01 00:00:00"
992,"9992 Whipple Rd",NULL,"Union City",9,94587,...,"2002-09-01 00:00:00"
993,"Corporate Office",NULL,"El Segundo",9,90245,...,"2002-09-01 00:00:00"
994,"25001 Montague Expressway",NULL,Milpitas,9,95035,...,"2002-07-01 00:00:00"
995,"4460 Newport Center Drive",NULL,"Newport Beach",9,92625,...,"2002-07-01 00:00:00"
996,"2575 West 2700 South",NULL,"Salt Lake City",74,84101,...,"2002-08-01 00:00:00"
997,"70259 West Sunnyview Ave",NULL,Visalia,9,93291,...,"2003-09-01 00:00:00"
998,"60750 San Clemente",NULL,Hayward,9,94541,...,"2003-09-01 00:00:00"
999,Receiving,NULL,Fullerton,9,92831,...,"2002-09-01 00:00:00"
1000,"22555 Paseo De Las Americas",NULL,"San Diego",9,92102,...,"2002-08-01 00:00:00"
